image_id,magazine_id,image_number,in_out,explicit,symbol,weapon,gruesome,narrative,strength,caption
D1_1,D1,1,0,1,1,0,0,0,0,0
D1_2,D1,2,1,0,7,1,0,7,1,0
D1_3,D1,3,0,0,7,1,0,7,1,0
D1_4,D1,4,0,0,2,1,0,7,1,0
D1_5,D1,5,0,0,2,1,0,0,0,0
D1_6,D1,6,0,0,2,0,0,3,1,0
D1_7,D1,7,0,0,2,1,0,7,1,0
D1_8,D1,8,0,0,2,1,0,7,1,0
D1_9,D1,9,0,0,2,1,0,7,1,0
D1_10,D1,10,0,0,2,1,0,3,1,0
D1_11,D1,11,0,0,2,1,0,7,1,0
D1_12,D1,12,-99,-99,3,0,0,0,0,0
D1_13,D1,13,0,0,2,0,0,0,0,0
D1_14,D1,14,0,0,0,0,0,3,1,0
D1_15,D1,15,0,0,0,0,0,0,0,0
D1_16,D1,16,0,0,0,0,0,2,1,0
D1_17,D1,17,0,0,2,0,0,0,0,0
D1_18,D1,18,0,0,0,0,0,3,1,0
D1_19,D1,19,0,0,0,0,1,5,2,1
D1_20,D1,20,0,0,0,0,1,5,2,1
D1_21,D1,21,0,0,0,0,1,5,2,1
D1_22,D1,22,0,0,0,0,0,0,0,0
D1_23,D1,23,0,0,2,1,0,0,0,0
D1_24,D1,24,0,0,0,0,0,0,0,0
D1_25,D1,25,1,0,0,0,1,4,2,1
D1_26,D1,26,1,0,0,0,1,4,2,1
D1_27,D1,27,1,0,0,0,1,4,2,1
D1_28,D1,28,0,1,2,0,0,0,0,0
D1_29,D1,29,0,1,2,0,0,0,0,0
D1_30,D1,30,0,0,0,1,0,7,1,0
D1_31,D1,31,0,1,4,0,0,0,0,0
D1_31b,D1,32,0,0,2,0,0,0,0,0
D1_32,D1,33,0,0,2,0,0,0,0,0
D1_33,D1,34,0,1,3,0,0,0,0,0
D1_34,D1,35,0,0,5,0,0,2,1,0
D1_35,D1,36,0,0,0,1,0,0,0,1
D1_36,D1,37,1,0,0,0,0,8,1,0
D1_37,D1,38,1,0,0,0,0,0,0,0
D1_38,D1,39,0,0,0,1,0,0,0,1
D1_39,D1,40,0,0,2,0,0,3,2,1
D1_40,D1,41,0,0,2,0,0,0,0,0
D1_41,D1,42,0,0,2,0,0,7,2,1
D1_42,D1,43,0,0,0,1,0,0,0,1
D1_43,D1,44,0,0,0,0,1,5,2,1
D1_44,D1,45,-99,0,0,1,0,7,1,0
D1_45,D1,46,0,0,2,1,0,3,1,0
D1_46,D1,47,-99,0,0,1,0,0,0,0
D1_47,D1,48,-99,0,0,0,0,0,0,0
D1_48,D1,49,0,0,0,0,0,0,0,0
D1_49,D1,50,0,1,6,0,0,3,1,0
D1_50,D1,51,0,0,0,0,0,2,2,0
D1_51,D1,52,0,0,0,0,1,5,2,0
D1_52,D1,53,0,0,0,0,1,5,2,0
D1_53,D1,54,0,0,0,0,1,5,2,0
D1_54,D1,55,0,0,0,0,1,5,2,0
D1_55,D1,56,0,0,0,0,0,5,2,1
D1_55b,D1,57,0,0,0,0,0,5,2,0
D1_56,D1,58,0,0,0,0,0,3,2,1
D1_57,D1,59,0,0,0,1,0,4,2,1
D1_58,D1,60,0,0,0,1,0,4,2,1
D1_59,D1,61,1,0,0,0,0,7,2,1
D1_60,D1,62,0,0,2,1,0,0,0,0
D1_61,D1,63,0,0,2,1,0,7,2,1
D1_62,D1,64,0,0,0,1,0,7,1,0
D1_63,D1,65,0,0,2,0,0,3,1,0
D1_64,D1,66,0,0,0,0,0,2,1,0
D1_65,D1,67,0,0,2,0,0,3,2,0
D1_66,D1,68,0,0,7,1,0,0,0,0
D2_1,D2,1,-99,-99,7,0,0,0,0,0
D2_2,D2,2,0,0,2,0,0,3,0,0
D2_3,D2,3,0,0,0,0,0,3,2,0
D2_4,D2,4,0,1,2,0,0,0,0,0
D2_5,D2,5,-99,-99,3,0,0,0,0,0
D2_6,D2,6,-99,-99,7,0,0,0,0,0
D2_7,D2,7,0,1,5,1,0,2,1,0
D2_8,D2,8,-99,-99,3,0,0,0,0,0
D2_9,D2,9,0,0,5,0,0,2,2,0
D2_10,D2,10,0,0,2,1,0,3,1,0
D2_11,D2,11,0,0,0,1,0,7,1,0
D2_12,D2,12,1,0,0,0,1,4,2,1
D2_13,D2,13,0,0,0,0,0,0,0,1
D2_14,D2,14,-99,-99,0,1,0,7,1,1
D2_15,D2,15,0,1,0,1,0,7,1,1
D2_16,D2,16,0,1,0,1,0,7,1,1
D2_17,D2,17,1,1,5,0,0,2,1,1
D2_18,D2,18,1,1,5,0,0,2,1,1
D2_19,D2,19,0,0,0,0,0,0,0,1
D2_20,D2,20,0,0,0,0,0,0,0,0
D2_21,D2,21,0,0,0,0,0,2,2,1
D2_22,D2,22,0,0,0,0,0,2,1,0
D2_23,D2,23,0,0,5,0,0,2,1,1
D2_24,D2,24,0,0,5,0,0,2,1,0
D2_25,D2,25,1,1,5,0,0,2,1,1
D2_26,D2,26,1,1,5,0,0,2,1,1
D2_27,D2,27,1,1,5,0,0,2,1,1
D2_28,D2,28,1,1,5,0,0,2,1,1
D2_29,D2,29,1,0,0,1,0,8,2,0
D2_30,D2,30,0,0,0,1,0,7,1,0
D2_31,D2,31,0,0,0,0,0,0,0,0
D2_32,D2,32,0,0,0,0,1,7,2,0
D2_33,D2,33,0,0,0,1,0,7,0,1
D2_34,D2,34,1,0,0,0,0,0,0,1
D2_35,D2,35,1,0,0,0,0,6,1,1
D2_36,D2,36,1,0,0,0,0,6,1,1
D2_37,D2,37,0,0,2,1,0,3,1,0
D2_38,D2,38,1,0,0,0,0,0,0,1
D2_39,D2,39,0,0,0,1,0,0,0,0
D2_40,D2,40,1,0,0,0,0,0,0,1
D2_41,D2,41,1,0,0,0,0,0,0,0
D2_42,D2,42,0,0,0,0,0,0,0,0
D2_43,D2,43,1,0,2,0,0,4,2,1
D2_44,D2,44,-99,-99,0,1,0,2,2,1
D2_45,D2,45,1,0,2,1,0,4,2,1
D2_46,D2,46,1,0,0,0,1,4,2,1
D2_47,D2,47,0,0,0,0,0,2,2,1
D2_48,D2,48,0,0,2,0,0,2,1,1
D2_49,D2,49,0,0,0,0,0,2,2,1
D2_50,D2,50,0,0,2,0,0,2,1,1
D2_51,D2,51,0,0,0,0,0,4,2,1
D2_52,D2,52,0,0,0,1,0,4,2,1
D2_53,D2,53,0,0,0,1,0,7,2,1
D2_54,D2,54,1,1,0,1,0,7,2,1
D2_55,D2,55,0,1,2,0,0,7,1,1
D2_56,D2,56,0,0,2,1,0,7,2,1
D2_57,D2,57,0,0,2,1,0,7,1,1
D2_58,D2,58,0,0,2,0,0,0,0,1
D2_59,D2,59,0,0,0,0,0,2,1,1
D2_60,D2,60,0,0,0,0,0,2,2,1
D2_61,D2,61,0,0,2,1,0,7,2,1
D2_62,D2,62,0,0,0,1,0,7,2,1
D2_63,D2,63,1,1,0,0,0,7,2,1
D2_64,D2,64,1,0,0,1,0,4,2,1
D2_65,D2,65,0,0,2,1,0,7,1,0
D2_66,D2,66,-99,-99,2,0,0,7,1,0
D2_67,D2,67,1,0,0,1,0,2,2,1
D2_68,D2,68,1,1,0,0,0,4,2,1
D2_69,D2,69,0,0,2,0,0,0,0,0
D2_70,D2,70,0,0,0,1,0,3,2,1
D2_71,D2,71,0,0,0,1,0,7,1,1
D2_72,D2,72,0,0,0,1,0,7,1,0
D2_73,D2,73,0,0,0,1,0,7,1,0
D2_74,D2,74,0,0,2,0,0,3,2,0
D3_1,D3,1,0,0,0,0,0,0,0,0
D3_2,D3,2,0,0,0,0,0,0,0,0
D3_3,D3,3,1,0,0,0,0,0,0,0
D3_4,D3,4,-99,-99,0,0,0,5,1,1
D3_5,D3,5,0,0,8,1,1,4,2,1
D3_6,D3,6,0,0,0,0,0,0,0,0
D3_7,D3,7,0,0,2,1,0,0,0,0
D3_8,D3,8,0,0,2,1,0,7,1,0
D3_9,D3,9,0,0,0,0,0,0,0,0
D3_10,D3,10,-99,-99,5,0,0,0,0,1
D3_11,D3,11,0,1,6,0,0,0,0,0
D3_12,D3,12,0,0,0,1,1,4,2,1
D3_13,D3,13,1,0,0,0,0,4,1,1
D3_14,D3,14,1,0,0,0,0,4,1,1
D3_15,D3,15,1,0,0,1,0,4,1,1
D3_16,D3,16,0,0,0,1,1,4,2,1
D3_17,D3,17,1,0,0,0,0,4,1,1
D3_18,D3,18,1,0,0,0,0,0,0,1
D3_19,D3,19,0,1,1,0,0,7,1,1
D3_20,D3,20,0,0,2,0,0,2,1,1
D3_21,D3,21,0,1,2,0,0,7,1,1
D3_22,D3,22,0,0,2,0,0,2,1,1
D3_23,D3,23,0,0,0,0,0,2,1,1
D3_24,D3,24,0,0,0,0,0,3,1,1
D3_25,D3,25,1,0,0,0,0,4,1,1
D3_26,D3,26,1,0,0,0,0,4,1,1
D3_27,D3,27,-99,-99,0,0,0,2,1,1
D3_28,D3,28,0,0,2,0,0,2,1,1
D3_29,D3,29,1,0,0,0,0,0,0,1
D3_30,D3,30,0,0,0,1,0,7,2,1
D3_31,D3,31,1,0,0,0,1,4,2,1
D3_32,D3,32,0,0,2,0,0,7,2,1
D3_33,D3,33,0,0,0,1,0,7,1,1
D3_34,D3,34,0,0,0,0,0,7,1,1
D3_35,D3,35,0,0,0,1,0,7,2,1
D3_36,D3,36,0,0,0,1,0,7,2,1
D3_37,D3,37,0,0,0,1,0,7,2,1
D3_38,D3,38,1,0,0,0,1,4,2,1
D3_39,D3,39,1,0,0,0,0,7,2,1
D3_40,D3,40,1,0,0,0,0,7,2,1
D3_41,D3,41,0,0,0,1,0,7,2,1
D3_42,D3,42,0,0,0,1,0,7,2,1
D3_43,D3,43,0,0,0,1,1,4,2,1
D3_44,D3,44,0,0,2,1,0,7,2,1
D3_45,D3,45,0,0,0,0,0,0,0,1
D3_46a,D3,46,1,0,0,0,0,4,1,1
D3_46b,D3,47,1,0,0,0,1,4,2,1
D3_46c,D3,48,1,0,0,0,0,4,1,1
D3_47,D3,49,-99,-99,3,0,0,0,0,0
D3_48,D3,50,-99,-99,3,0,0,0,0,0
D3_49,D3,51,-99,-99,0,0,0,0,0,0
D3_50,D3,52,-99,-99,0,0,0,0,0,0
D3_51,D3,53,0,0,0,0,0,0,0,0
D3_52,D3,54,0,0,0,0,0,0,0,0
D3_53,D3,55,1,0,0,0,0,0,0,0
D3_54,D3,56,0,0,2,0,0,0,0,0
D3_55,D3,57,0,0,0,0,0,0,0,0
D3_56,D3,58,0,1,4,0,0,0,0,1
D3_57,D3,59,0,0,2,0,0,0,0,0
D3_58,D3,60,1,0,0,0,0,0,0,0
D3_59,D3,61,1,0,0,0,0,8,1,0
D3_60,D3,62,1,0,0,0,0,0,0,1
D3_61,D3,63,1,0,8,0,0,0,0,1
D3_62,D3,64,1,0,0,0,0,0,0,0
D3_63,D3,65,1,0,0,0,0,0,0,0
D3_64,D3,66,1,0,8,0,0,0,0,0
D3_65,D3,67,0,0,0,0,0,0,0,0
D4_1,D4,1,0,1,2,0,0,7,1,0
D4_2,D4,2,0,0,0,0,0,0,0,0
D4_3,D4,3,0,0,0,0,0,3,1,0
D4_4,D4,4,0,1,5,0,0,0,0,0
D4_5,D4,5,0,0,2,1,0,7,1,0
D4_6,D4,6,0,0,2,1,0,0,0,0
D4_7,D4,7,0,0,0,1,0,4,1,1
D4_8,D4,8,1,0,0,1,0,5,1,0
D4_9,D4,9,1,0,0,0,0,6,1,0
D4_10,D4,10,1,0,0,0,0,8,1,0
D4_11,D4,11,1,0,0,1,0,8,1,0
D4_12,D4,12,1,0,0,0,0,0,0,1
D4_13,D4,13,0,0,0,1,0,7,1,0
D4_14,D4,14,-99,-99,0,1,0,7,1,0
D4_15,D4,15,-99,-99,0,1,0,7,1,0
D4_16,D4,16,-99,-99,0,1,0,7,1,0
D4_17,D4,17,-99,-99,0,1,0,7,1,0
D4_18,D4,18,-99,-99,0,1,0,0,0,0
D4_19,D4,19,0,0,2,1,0,7,1,1
D4_20,D4,20,1,0,0,0,0,3,1,1
D4_21,D4,21,0,0,0,1,0,7,1,0
D4_22,D4,22,0,0,2,1,0,7,1,1
D4_23,D4,23,0,0,0,0,0,2,1,1
D4_24,D4,24,0,0,0,1,0,2,1,1
D4_25,D4,25,0,0,0,0,0,2,2,1
D4_26,D4,26,0,0,0,1,0,7,2,1
D4_27,D4,27,0,0,0,1,0,7,2,1
D4_28,D4,28,0,0,0,1,0,7,2,1
D4_29,D4,29,0,0,2,1,0,0,0,0
D4_30,D4,30,0,0,2,0,0,0,0,1
D4_31,D4,31,0,0,2,0,0,3,1,1
D4_32,D4,32,0,0,0,0,0,3,1,0
D4_33,D4,33,0,0,2,1,0,0,0,0
D4_34,D4,34,1,0,0,0,0,0,0,1
D4_35,D4,35,1,0,0,0,0,7,1,1
D4_36,D4,36,1,0,0,0,0,4,1,1
D4_37,D4,37,-99,-99,0,1,0,7,1,1
D4_38,D4,38,1,0,0,0,1,4,2,0
D4_39,D4,39,0,0,0,1,0,7,2,1
D4_40,D4,40,0,0,0,0,0,7,2,1
D4_41,D4,41,0,0,0,0,0,7,2,1
D4_42,D4,42,1,0,0,1,1,4,2,1
D4_43,D4,43,1,0,0,0,1,4,2,1
D4_44,D4,44,0,0,0,1,0,7,1,1
D4_45,D4,45,1,0,0,0,0,7,1,1
D4_46,D4,46,0,0,0,1,0,7,1,1
D4_47,D4,47,1,0,0,0,1,4,2,1
D4_48,D4,48,0,0,2,0,0,2,2,1
D4_49,D4,49,0,0,0,0,0,2,1,1
D4_50,D4,50,0,0,0,0,0,2,2,1
D4_51,D4,51,0,0,2,0,0,2,2,1
D4_52,D4,52,0,0,0,0,0,2,2,1
D4_53,D4,53,0,0,2,0,0,2,2,1
D4_54,D4,54,0,0,0,0,0,2,2,1
D4_55,D4,55,0,0,0,0,0,2,2,1
D4_56,D4,56,0,0,0,0,0,2,2,1
D4_57,D4,57,-99,-99,0,1,0,7,1,0
D4_58,D4,58,0,0,0,0,0,0,0,0
D4_59,D4,59,1,0,0,0,0,0,0,0
D4_60,D4,60,-99,-99,5,0,0,0,0,0
D4_61,D4,61,0,0,2,0,0,0,0,0
D4_62,D4,62,0,0,0,1,0,0,0,0
D4_63,D4,63,0,1,5,0,0,0,0,0
D4_64,D4,64,1,5,5,0,0,0,0,1
D4_65,D4,65,1,0,0,0,0,6,1,0
D4_66,D4,66,1,0,0,0,0,6,0,0
D4_67,D4,67,1,0,0,0,0,6,1,0
D4_68,D4,68,1,0,0,0,0,0,0,0
D4_69,D4,69,1,0,0,0,0,0,0,0
D4_70,D4,70,1,0,0,0,0,6,1,0
D4_71,D4,71,1,0,0,1,0,0,0,0
D4_72,D4,72,1,0,0,0,0,6,1,0
D4_73,D4,73,1,0,0,1,0,0,0,0
D4_74,D4,74,0,0,0,0,0,0,0,0
D4_75,D4,75,0,0,1,0,0,0,0,0
D4_76,D4,76,1,0,0,0,0,0,0,0
D4_77,D4,77,1,0,0,0,0,0,0,0
D4_78,D4,78,1,0,8,0,0,4,1,0
D4_79,D4,79,1,0,0,0,0,0,0,1
D4_80,D4,80,1,0,0,0,0,0,0,0
D4_90,D4,81,0,0,0,0,1,5,2,0
D4_91,D4,82,0,0,0,0,1,5,2,0
D4_92,D4,83,0,0,0,0,1,5,2,0
D4_93,D4,84,1,0,8,0,1,4,2,2
D4_94,D4,85,1,0,8,0,0,0,0,0
D4_95,D4,86,1,0,0,0,0,0,0,0
D4_96,D4,87,1,0,8,0,0,0,0,0
D4_97,D4,88,0,0,0,0,0,0,0,0
D5_1,D5,1,0,1,5,0,0,0,0,0
D5_2,D5,2,0,0,0,0,0,0,0,0
D5_3,D5,3,0,1,5,0,0,0,0,0
D5_4,D5,4,0,1,5,0,0,0,0,1
D5_5,D5,5,-99,-99,3,0,0,0,0,0
D5_6,D5,6,0,1,5,0,0,0,0,0
D5_7,D5,7,0,0,2,1,0,0,0,0
D5_8,D5,8,0,0,2,0,0,0,0,0
D5_9,D5,9,1,0,0,0,0,7,2,1
D5_10,D5,10,1,0,0,0,0,7,2,1
D5_11,D5,11,1,0,0,0,0,7,2,1
D5_12,D5,12,0,0,0,1,0,7,1,1
D5_13,D5,13,0,0,0,1,0,7,1,1
D5_14,D5,14,0,0,0,0,0,7,2,1
D5_15,D5,15,0,0,0,0,0,7,2,1
D5_16,D5,16,1,0,0,1,0,7,2,1
D5_17,D5,17,0,0,0,0,0,3,1,0
D5_18,D5,18,0,0,0,1,0,0,0,1
D5_19,D5,19,0,0,2,0,0,3,1,1
D5_20,D5,20,0,0,0,0,0,3,1,1
D5_21,D5,21,0,0,2,0,0,3,1,1
D5_22,D5,22,0,0,0,0,0,0,0,1
D5_23,D5,23,-99,-99,0,0,0,5,1,1
D5_24,D5,24,0,0,0,0,0,7,2,1
D5_25,D5,25,0,0,0,1,0,7,1,1
D5_26,D5,26,0,0,2,0,0,7,1,1
D5_27,D5,27,0,0,0,0,0,7,1,1
D5_28,D5,28,0,0,2,1,0,7,1,1
D5_29,D5,29,0,0,0,0,0,2,1,1
D5_30,D5,30,0,0,0,0,0,2,1,1
D5_31,D5,31,0,1,0,0,0,0,0,1
D5_32,D5,32,0,1,0,0,0,0,0,1
D5_33,D5,33,0,1,0,0,0,2,1,1
D5_34,D5,34,0,0,3,1,0,0,0,0
D5_35,D5,35,0,1,2,1,0,0,0,0
D5_36,D5,36,0,0,0,0,0,0,0,0
D5_37,D5,37,0,0,2,1,0,7,1,1
D5_38,D5,38,0,0,0,1,1,4,2,1
D5_39,D5,39,0,0,2,1,0,7,1,1
D5_40,D5,40,0,1,3,0,0,0,0,1
D5_41,D5,41,0,0,0,1,0,0,0,1
D5_42,D5,42,0,0,0,0,0,0,0,1
D5_43,D5,43,0,0,2,1,0,3,1,1
D5_44,D5,44,0,0,0,0,0,7,1,1
D5_45,D5,45,0,0,0,1,0,7,1,1
D5_46,D5,46,0,0,0,1,0,7,2,1
D5_47,D5,47,0,0,1,0,0,0,0,1
D5_48,D5,48,1,0,0,1,0,4,1,1
D5_49,D5,49,0,0,1,1,0,7,1,1
D5_50,D5,50,0,0,0,1,0,0,0,0
D5_51,D5,51,1,0,0,0,0,0,0,1
D5_52,D5,52,1,0,0,0,0,0,0,1
D5_53,D5,53,1,1,0,0,0,0,0,0
D5_54,D5,54,1,0,0,0,0,0,0,0
D5_55,D5,55,1,0,0,0,0,0,0,0
D5_56,D5,56,0,0,0,0,0,0,0,1
D5_57,D5,57,1,0,0,0,0,0,0,1
D5_58,D5,58,0,1,0,1,0,7,0,1
D5_59,D5,59,0,0,0,0,0,0,0,0
D6_1,D6,1,-99,-99,0,0,0,0,0,0
D6_2,D6,2,0,0,5,0,0,0,0,0
D6_3,D6,3,1,0,0,0,0,7,1,0
D6_4,D6,4,1,0,0,0,0,7,1,1
D6_5,D6,5,1,0,0,0,0,7,1,1
D6_6,D6,6,0,0,0,0,0,0,0,1
D6_7,D6,7,0,0,0,0,0,0,0,0
D6_8,D6,8,0,0,2,1,0,7,1,0
D6_9,D6,9,0,0,2,1,0,7,1,0
D6_10,D6,10,0,0,2,0,0,2,0,0
D6_11,D6,11,0,0,2,1,0,7,1,0
D6_12,D6,12,0,0,0,0,0,3,1,0
D6_13,D6,13,0,0,0,1,0,7,1,0
D6_14,D6,14,0,0,0,1,0,0,0,0
D6_15,D6,15,0,1,2,0,0,0,0,0
D6_16,D6,16,0,0,0,0,0,0,0,0
D6_17,D6,17,1,0,0,1,0,6,1,0
D6_18,D6,18,1,0,0,0,0,6,1,1
D6_19,D6,19,1,0,0,1,0,0,1,1
D6_20,D6,20,1,0,0,1,0,0,1,1
D6_21,D6,21,1,0,0,0,0,6,2,1
D6_22,D6,22,1,0,0,1,0,0,1,1
D6_23,D6,23,0,0,0,1,0,0,0,1
D6_24,D6,24,1,0,0,0,0,6,1,1
D6_25,D6,25,0,0,2,1,0,7,1,0
D6_26,D6,26,0,0,2,0,0,7,1,1
D6_27,D6,27,0,0,2,1,0,7,1,1
D6_28,D6,28,0,0,0,1,0,7,1,1
D6_29,D6,29,0,0,0,1,0,2,1,1
D6_30,D6,30,0,0,0,1,0,2,1,1
D6_31,D6,31,0,0,2,1,0,2,1,1
D6_32,D6,32,0,0,0,1,0,7,1,1
D6_33,D6,33,0,0,0,1,0,7,2,1
D6_34,D6,34,1,0,0,0,0,7,1,1
D6_35,D6,35,0,0,0,1,1,4,2,1
D6_36,D6,36,1,0,0,0,0,7,1,1
D6_37,D6,37,1,0,0,0,0,6,1,1
D6_38,D6,38,0,0,0,1,0,7,2,1
D6_39,D6,39,0,0,0,1,0,7,2,1
D6_40,D6,40,0,0,0,0,0,7,1,1
D6_41,D6,41,1,0,0,0,1,4,2,1
D6_42,D6,42,0,0,0,1,0,7,2,1
D6_43,D6,43,1,0,8,0,0,0,0,0
D6_44,D6,44,1,0,0,0,0,0,0,0
D6_45,D6,45,1,0,0,1,0,0,0,0
D6_46,D6,46,1,0,0,0,0,6,0,1
D6_47,D6,47,0,0,0,1,0,7,1,1
D6_48,D6,48,0,0,0,0,0,7,1,1
D6_49,D6,49,1,0,0,0,0,6,2,1
D6_50,D6,50,1,0,0,0,0,6,2,1
D6_51,D6,51,-99,-99,0,0,0,0,0,0
D6_52,D6,52,0,0,0,0,0,0,0,1
D6_53,D6,53,1,0,0,0,0,7,1,0
D6_54,D6,54,0,0,2,0,0,0,0,1
D6_55,D6,55,1,0,0,1,0,0,1,1
D6_56,D6,56,1,0,0,0,1,1,1,1
D6_57,D6,57,0,0,0,1,0,0,0,1
D6_58,D6,58,0,0,0,1,0,0,0,1
D6_59,D6,59,0,0,0,1,0,7,1,1
D6_60,D6,60,1,0,0,1,0,0,0,1
D6_61,D6,61,1,0,0,0,0,6,2,1
D6_62,D6,62,0,0,0,1,0,0,0,1
D6_63,D6,63,1,0,0,0,0,0,0,1
D6_64,D6,64,1,0,0,0,0,0,0,0
D6_65,D6,65,1,0,0,0,0,0,0,1
D6_66,D6,66,-99,-99,0,0,0,0,0,0
D6_67,D6,67,0,1,0,0,0,2,1,1
D6_68,D6,68,1,0,0,0,0,6,2,1
D6_69,D6,69,1,1,0,0,0,0,0,1
D6_70,D6,70,0,0,5,0,0,0,0,0
D7_1,D7,1,1,0,0,0,0,6,1,0
D7_2,D7,2,0,0,8,1,0,4,2,1
D7_3,D7,3,0,0,8,1,0,4,2,1
D7_4,D7,4,1,0,8,0,1,4,2,1
D7_5,D7,5,0,0,0,0,1,5,2,1
D7_6,D7,6,1,0,0,0,0,6,1,1
D7_7,D7,7,1,0,0,0,1,4,2,1
D7_8,D7,8,0,0,0,1,0,0,0,0
D7_9,D7,9,0,0,0,1,0,7,0,0
D7_10,D7,10,0,0,0,1,0,3,1,0
D7_11,D7,11,0,0,0,1,0,0,0,0
D7_12,D7,12,-99,-99,0,0,0,0,0,0
D7_13,D7,13,1,0,0,0,0,6,1,1
D7_14,D7,14,1,0,0,0,0,6,2,1
D7_15,D7,15,0,1,0,1,0,0,0,0
D7_16,D7,16,1,0,0,0,0,6,2,1
D7_17,D7,17,0,0,0,0,0,7,2,1
D7_18,D7,18,0,0,0,1,0,7,1,0
D7_19,D7,19,0,0,0,0,0,0,0,0
D7_20,D7,20,1,0,0,0,0,0,0,0
D7_21,D7,21,1,0,8,0,0,0,0,0
D7_22,D7,22,0,0,8,1,0,4,1,1
D7_23,D7,23,0,0,8,0,0,0,0,1
D7_24,D7,24,1,1,5,1,0,7,1,1
D7_25,D7,25,1,0,0,0,0,0,0,1
D7_26,D7,26,0,0,8,1,0,4,1,1
D7_27,D7,27,0,0,0,1,0,1,0,0
D7_28,D7,28,0,0,0,0,0,3,1,1
D7_29,D7,29,0,0,2,1,0,7,1,1
D7_30,D7,30,0,0,2,1,0,0,0,1
D7_31,D7,31,0,0,2,1,0,7,0,1
D7_32,D7,32,0,0,2,0,0,0,0,1
D7_33,D7,33,0,0,2,0,0,3,1,1
D7_34,D7,34,-99,-99,0,1,0,0,0,0
D7_35,D7,35,0,0,0,0,0,0,0,1
D7_36,D7,36,0,0,0,0,0,0,0,1
D7_37,D7,37,1,0,0,1,0,7,1,1
D7_38,D7,38,1,0,0,0,0,4,2,1
D7_39,D7,39,0,0,2,1,0,7,1,1
D7_40,D7,40,0,0,0,0,0,7,2,1
D7_41,D7,41,1,0,0,0,1,4,2,0
D7_42,D7,42,1,0,0,0,0,4,2,1
D7_43,D7,43,0,0,0,0,1,4,2,1
D7_44,D7,44,0,0,0,0,1,4,2,1
D7_45,D7,45,0,0,2,1,0,7,1,0
D7_46,D7,46,0,0,2,0,0,0,0,0
D7_47,D7,47,0,0,0,0,0,0,0,0
D7_48,D7,48,0,0,0,0,1,7,0,1
D7_49,D7,49,0,0,0,1,0,3,0,1
D7_50,D7,50,0,0,0,0,1,0,0,0
D7_51,D7,51,0,0,0,1,0,0,0,1
D7_52,D7,52,1,0,0,0,0,0,0,1
D7_53,D7,53,1,0,0,0,0,6,1,1
D7_54,D7,54,1,0,0,0,0,6,2,1
D7_55,D7,55,1,0,0,0,0,7,2,1
D7_56,D7,56,1,0,0,0,0,7,2,1
D7_57,D7,57,1,0,0,0,0,4,2,1
D7_58,D7,58,1,0,0,0,0,1,1,1
D7_59,D7,59,1,0,0,0,0,1,1,1
D7_60,D7,60,1,0,0,0,0,6,1,1
D7_61,D7,61,1,0,0,0,0,6,1,1
D7_62,D7,62,1,0,0,0,0,0,1,1
D7_63,D7,63,1,0,0,0,0,0,1,1
D7_64,D7,64,1,0,0,0,1,4,2,1
D7_65,D7,65,1,0,8,0,0,0,0,0
D7_66,D7,66,1,0,0,1,0,8,1,0
D7_67,D7,67,1,0,0,0,0,6,2,0
D7_68,D7,68,1,0,0,0,0,5,1,0
D7_69,D7,69,0,0,0,0,1,5,2,0
D7_70,D7,70,0,0,0,0,0,0,0,0
D7_71,D7,71,0,0,2,0,0,0,0,0
D7_72,D7,72,0,0,0,0,0,0,0,0
D7_73,D7,73,-99,-99,0,1,0,7,1,1
D7_74,D7,74,0,0,2,1,0,7,1,0
D7_75,D7,75,0,0,2,1,0,0,0,0
D7_76,D7,76,0,0,2,0,0,0,0,1
D7_77,D7,77,0,0,0,0,0,3,0,1
D7_78,D7,78,1,0,0,0,0,5,1,1
D7_79,D7,79,1,0,0,0,0,0,0,1
D7_80,D7,80,1,0,0,0,0,0,0,1
D7_81,D7,81,1,0,0,1,0,0,0,1
D7_82,D7,82,1,0,0,0,0,0,0,0
D7_83,D7,83,-99,-99,0,0,0,0,0,0
D7_84,D7,84,1,0,0,0,0,0,0,0
D7_85,D7,85,0,0,5,0,0,2,1,0
D7_86,D7,86,0,0,0,0,0,0,0,0
D7_87,D7,87,-99,-99,0,0,0,2,1,0
D7_88,D7,88,0,0,0,1,0,7,1,0
D8_1,D8,1,-99,1,5,0,0,0,0,0
D8_2,D8,2,-99,-99,3,0,0,0,0,0
D8_3,D8,3,0,0,2,1,0,3,1,0
D8_4,D8,4,0,0,0,0,1,7,2,1
D8_5,D8,5,0,0,0,0,0,0,0,1
D8_6,D8,6,1,0,0,0,0,7,2,1
D8_7,D8,7,1,0,0,0,0,6,1,1
D8_8,D8,8,0,0,0,0,1,7,1,1
D8_9,D8,9,1,0,0,0,0,6,2,0
D8_10,D8,10,1,1,0,0,0,6,1,1
D8_11,D8,11,1,0,0,0,0,0,0,1
D8_12,D8,12,1,0,0,0,0,0,0,1
D8_13,D8,13,1,0,0,0,0,0,0,1
D8_14,D8,14,0,0,2,1,0,7,1,0
D8_15,D8,15,-99,0,0,0,0,0,0,0
D8_16,D8,16,0,0,0,1,0,3,1,0
D8_17,D8,17,1,0,0,1,0,0,0,1
D8_18,D8,18,0,0,2,1,0,7,2,1
D8_19,D8,19,0,0,2,0,0,0,0,1
D8_20,D8,20,0,0,2,0,0,0,0,1
D8_21,D8,21,1,0,0,0,1,0,0,0
D8_22,D8,22,1,0,0,1,0,7,1,1
D8_23,D8,23,0,0,0,0,1,7,2,1
D8_24,D8,24,0,0,0,1,1,7,2,1
D8_25,D8,25,1,0,0,1,0,7,1,1
D8_26,D8,26,0,0,2,0,0,0,0,1
D8_27,D8,27,0,0,2,1,0,0,0,1
D8_28,D8,28,0,0,2,1,0,0,0,1
D8_29,D8,29,0,0,0,1,1,4,2,0
D8_30,D8,30,0,0,0,1,0,4,2,0
D8_31,D8,31,0,0,0,0,0,2,1,0
D8_32,D8,32,0,0,0,0,0,2,1,0
D8_33,D8,33,0,0,0,0,0,2,1,0
D8_34,D8,34,0,0,0,0,0,2,1,0
D8_35,D8,35,0,0,0,0,0,2,1,0
D8_36,D8,36,0,0,0,0,0,2,1,0
D8_37,D8,37,0,0,0,0,0,2,1,0
D8_38,D8,38,1,0,0,1,0,3,1,0
D8_39,D8,39,1,0,0,0,0,0,0,1
D8_40,D8,40,1,0,0,0,0,0,0,1
D8_41,D8,41,0,1,2,0,0,0,0,1
D8_42,D8,42,-99,-99,3,0,0,2,1,1
D8_43,D8,43,0,1,0,0,0,2,1,1
D8_44,D8,44,-99,-99,0,0,0,0,0,0
D8_45,D8,45,0,0,2,0,0,2,1,0
D8_46,D8,46,0,0,0,1,0,0,0,0
D8_47,D8,47,0,0,0,0,0,3,2,1
D8_48,D8,48,0,0,0,0,1,7,2,1
D8_49,D8,49,0,0,2,0,0,0,0,1
D8_50,D8,50,-99,-99,0,0,0,0,0,0
D8_51,D8,51,-99,-99,0,0,0,0,0,0
D8_52,D8,52,0,1,3,0,0,2,1,1
D8_53,D8,53,-99,-99,5,0,0,2,1,1
D8_54,D8,54,0,0,0,1,0,7,2,0
D8_55,D8,55,0,0,0,1,0,7,1,0
D8_56,D8,56,0,0,0,1,0,7,2,0
D8_57,D8,57,0,0,0,1,0,0,0,0
D8_58,D8,58,0,0,0,1,0,0,0,1
D8_59,D8,59,0,0,2,1,0,7,2,1
D8_60,D8,60,0,1,0,0,0,0,0,0
D8_61,D8,61,0,0,0,1,0,7,2,0
D8_62,D8,62,0,0,0,1,0,3,1,0
D8_63,D8,63,0,0,0,1,0,7,2,0
D8_64,D8,64,0,0,0,1,0,0,0,0
D8_65,D8,65,0,1,0,0,0,0,0,0
D8_66,D8,66,-99,-99,4,0,0,0,0,1
D8_67,D8,67,1,0,0,0,0,1,1,0
D8_68,D8,68,1,0,0,0,0,1,1,1
D8_69,D8,69,1,0,0,0,0,0,0,1
D8_70,D8,70,0,1,2,0,0,0,0,1
D8_71,D8,71,0,1,5,0,0,0,0,0
D8_72,D8,72,0,0,5,0,0,2,1,1
D8_73,D8,73,1,0,0,0,0,6,2,1
D8_74,D8,74,1,0,0,0,0,6,1,1
D8_75,D8,75,1,0,0,1,0,0,0,1
D8_76,D8,76,1,0,0,0,0,0,0,1
D8_77,D8,77,0,1,2,0,0,0,0,1
D8_78,D8,78,1,0,0,0,0,0,0,1
D8_79,D8,79,1,0,0,0,0,0,0,1
D8_80,D8,80,1,0,0,0,0,0,0,1
D8_81,D8,81,0,0,0,1,0,0,0,0
D8_82,D8,82,1,0,0,0,0,0,0,1
D8_83,D8,83,1,0,0,0,0,0,0,1
D8_84,D8,84,1,0,0,0,0,0,0,1
D8_85,D8,85,-99,-99,3,0,0,0,0,0
D8_86,D8,86,0,0,0,0,0,3,1,0
D8_87,D8,87,0,0,0,0,0,0,0,1
D8_88,D8,88,0,0,0,1,0,0,0,0
D8_89,D8,89,0,0,0,0,0,0,0,0
D8_90,D8,90,1,0,0,0,0,0,0,1
D8_91,D8,91,1,0,0,0,0,0,0,1
D8_92,D8,92,1,0,0,0,0,5,2,1
D8_93,D8,93,-99,-99,3,0,0,0,0,0
D9_1,D9,1,1,0,0,0,0,6,2,1
D9_2,D9,2,0,0,0,1,0,0,0,0
D9_3,D9,3,1,0,0,0,0,6,2,1
D9_4,D9,4,0,0,0,0,0,0,0,1
D9_5,D9,5,0,0,0,0,0,0,0,1
D9_6,D9,6,0,0,0,1,0,0,0,0
D9_7,D9,7,-99,0,0,0,0,0,0,1
D9_8,D9,8,0,0,0,1,0,7,2,1
D9_9,D9,9,0,0,0,1,0,7,2,1
D9_10,D9,10,0,0,0,1,0,7,2,1
D9_11,D9,11,1,0,0,1,0,6,2,1
D9_12,D9,12,0,0,0,1,0,0,0,0
D9_13,D9,13,0,0,0,1,0,0,0,0
D9_14,D9,14,0,0,0,1,0,7,1,0
D9_15,D9,15,-99,-99,3,0,0,0,0,0
D9_16,D9,16,1,1,0,0,0,7,2,1
D9_17,D9,17,1,0,0,0,0,0,0,1
D9_18,D9,18,1,1,0,0,0,7,2,1
D9_19,D9,19,1,0,0,0,0,0,0,0
D9_20,D9,20,1,0,0,0,0,6,1,1
D9_21,D9,21,1,1,0,0,0,0,0,1
D9_22,D9,22,1,0,0,1,0,6,2,1
D9_23,D9,23,0,0,0,0,0,2,1,0
D9_24,D9,24,0,0,0,0,0,2,2,1
D9_25,D9,25,0,0,0,0,0,2,2,1
D9_26,D9,26,0,0,0,0,0,2,2,1
D9_27,D9,27,0,0,0,0,0,2,2,1
D9_28,D9,28,0,0,0,1,0,0,0,0
D9_29,D9,29,0,0,2,1,0,7,2,0
D9_30,D9,30,0,0,0,1,0,0,0,0
D9_31,D9,31,0,0,0,1,0,4,2,1
D9_32,D9,32,0,0,0,1,0,0,0,1
D9_33,D9,33,0,0,0,0,0,0,0,1
D9_34,D9,34,0,0,0,1,0,0,0,1
D9_35,D9,35,0,0,0,0,0,0,0,1
D9_36,D9,36,0,0,0,0,0,0,0,1
D9_37,D9,37,0,0,0,0,0,0,0,1
D9_38,D9,38,0,0,0,0,0,2,1,1
D9_39,D9,39,0,0,0,1,0,7,1,1
D9_40,D9,40,0,0,0,0,0,3,1,0
D9_41,D9,41,0,1,0,0,0,7,2,1
D9_42,D9,42,0,0,0,1,0,7,2,1
D9_43,D9,43,0,1,0,0,0,7,2,1
D9_44,D9,44,0,0,5,0,0,0,0,1
D9_45,D9,45,0,0,0,1,0,7,2,0
D9_46,D9,46,0,0,0,1,0,7,2,1
D9_47,D9,47,0,1,0,0,0,7,2,1
D9_48,D9,48,0,0,2,1,1,4,2,1
D9_49,D9,49,-99,-99,0,0,0,0,0,1
D9_50,D9,50,0,0,8,1,0,4,2,1
D9_51,D9,51,1,0,0,0,1,4,2,0
D9_52,D9,52,0,0,8,1,0,4,2,0
D9_53,D9,53,0,0,0,0,0,4,2,0
D9_54,D9,54,1,0,8,0,0,0,0,0
D9_55,D9,55,0,0,0,0,0,2,2,1
D9_56,D9,56,0,0,0,1,0,0,0,1
D9_57,D9,57,0,0,0,1,0,7,2,1
D9_58,D9,58,0,0,0,1,0,7,1,1
D9_59,D9,59,0,1,0,0,0,7,2,1
D9_60,D9,60,0,0,8,1,0,4,2,1
D9_61,D9,61,0,0,0,1,0,7,2,1
D9_62,D9,62,1,0,0,0,0,4,1,1
D9_63,D9,63,0,0,0,0,0,2,2,1
D9_64,D9,64,-99,-99,1.5,0,0,0,0,0
D9_65,D9,65,0,0,0,1,0,7,2,1
D9_66,D9,66,0,0,0,1,0,7,2,1
D9_67,D9,67,-99,-99,0,0,0,5,2,1
D9_68,D9,68,0,0,0,0,0,3,2,1
D9_69,D9,69,1,0,0,0,0,0,0,0
D9_70,D9,70,0,1,2,0,0,0,0,0
D9_71,D9,71,0,0,2,0,0,0,1,1
D9_72,D9,72,-99,-99,0,0,0,0,0,0
D9_73,D9,73,0,0,2,0,0,3,1,0
D9_74,D9,74,0,0,0,1,0,7,1,0
D9_75,D9,75,0,1,5,0,0,0,0,0
D9_76,D9,76,0,1,5,1,0,0,0,0
D9_77,D9,77,0,0,8,0,0,0,0,1
D9_78,D9,78,1,1,5,0,0,2,1,1
D9_79,D9,79,1,0,0,0,0,6,2,1
D9_80,D9,80,1,0,0,0,0,0,0,1
D9_81,D9,81,0,0,5,0,0,4,1,0
D9_82,D9,82,0,0,0,1,0,4,2,0
D9_83,D9,83,0,0,2,1,0,3,2,1
D9_84,D9,84,-99,-99,2,0,0,2,1,0
D9_85,D9,85,1,0,0,0,0,6,2,0
D9_86,D9,86,1,0,0,0,0,6,2,1
D9_87,D9,87,1,0,0,0,0,6,2,1
D9_88,D9,88,1,0,0,1,0,6,2,1
D9_89,D9,89,1,0,0,0,0,6,2,1
D9_90,D9,90,1,0,0,0,0,6,2,1
D9_91,D9,91,1,0,0,0,0,6,2,1
D9_92,D9,92,1,0,0,1,0,0,0,1
D9_93,D9,93,1,0,0,0,0,6,2,1
D9_94,D9,94,1,0,0,1,0,6,2,1
D9_95,D9,95,1,0,0,1,0,0,0,1
D9_96,D9,96,1,0,0,0,0,6,2,1
D9_97,D9,97,1,1,0,0,0,6,1,1
D9_98,D9,98,1,0,0,0,0,6,1,1
D9_99,D9,99,1,1,0,0,0,6,2,1
D9_100,D9,100,1,0,0,0,0,6,2,1
D9_101,D9,101,-99,-99,0,0,0,0,0,0
D9_102,D9,102,0,0,2,0,0,0,0,0
D9_103,D9,103,-99,0,0,1,0,0,0,0
D9_104,D9,104,-99,0,0,0,0,0,0,0
D9_105,D9,105,-99,0,0,0,0,0,0,0
D9_106,D9,106,-99,1,0,0,0,0,0,0
D9_107,D9,107,-99,1,0,0,0,0,0,0
D9_108,D9,108,-99,0,0,0,0,0,0,0
D9_109,D9,109,-99,0,0,0,0,0,0,0
D9_110,D9,110,-99,1,0,0,0,0,0,0
D9_111,D9,111,-99,0,0,0,0,0,0,0
D9_112,D9,112,-99,0,0,0,0,0,0,0
D9_113,D9,113,1,0,0,0,0,6,2,1
D9_114,D9,114,1,0,0,0,0,6,2,1
D9_115,D9,115,-99,0,0,0,0,0,0,1
D9_116,D9,116,0,0,0,0,0,2,2,1
D9_117,D9,117,1,0,0,0,0,0,0,1
D9_118,D9,118,-99,1,5,0,0,0,0,0
D9_119,D9,119,0,0,2,1,0,7,2,1
D9_120,D9,120,1,0,0,0,0,0,0,1
D9_121,D9,121,0,0,2,1,0,7,1,0
D9_122,D9,122,1,0,0,0,0,6,1,1
D9_123,D9,123,0,0,0,1,0,0,0,1
D9_124,D9,124,0,0,0,1,0,7,2,1
D9_125,D9,125,0,1,0,0,0,7,2,1
D9_126,D9,126,0,0,0,1,0,7,2,1
D9_127,D9,127,0,0,0,1,0,7,1,1
D9_128,D9,128,0,0,8,1,0,4,2,1
D9_129,D9,129,0,0,2,1,0,4,2,1
D9_130,D9,130,0,0,0,1,0,0,0,1
D9_131,D9,131,0,0,2,1,0,0,0,1
D9_132,D9,132,-99,1,0,0,0,7,1,1
D9_133,D9,133,0,0,0,1,0,0,0,0
D10_1,D10,1,0,1,2,0,0,0,0,0
D10_2,D10,2,1,0,0,0,0,7,1,1
D10_3,D10,3,1,0,0,0,0,7,2,1
D10_4,D10,4,1,0,0,0,1,7,2,1
D10_5,D10,5,1,0,0,0,0,7,1,1
D10_6,D10,6,0,0,0,0,0,0,0,1
D10_7,D10,7,0,0,0,0,0,0,0,1
D10_8,D10,8,1,0,0,0,0,7,1,1
D10_9,D10,9,1,0,0,0,0,7,1,0
D10_10,D10,10,0,0,0,0,0,0,0,0
D10_11,D10,11,0,0,0,0,0,0,0,0
D10_12,D10,12,0,0,0,0,0,0,0,0
D10_13,D10,13,0,0,0,1,0,0,0,0
D10_14,D10,14,0,0,0,0,0,0,0,0
D10_15,D10,15,0,0,0,0,0,0,0,0
D10_16,D10,16,0,0,0,0,0,0,0,0
D10_17,D10,17,1,0,0,0,0,4,1,0
D10_18,D10,18,1,0,0,1,0,4,1,0
D10_19,D10,19,0,0,0,0,0,0,0,0
D10_20,D10,20,0,0,0,0,0,0,0,0
D10_21,D10,21,0,0,0,0,0,0,0,0
D10_22,D10,22,0,0,0,0,0,0,0,0
D10_23,D10,23,0,0,0,0,0,0,0,0
D10_24,D10,24,0,0,0,1,0,0,0,0
D10_25,D10,25,1,0,0,0,0,0,0,0
D10_26,D10,26,1,0,0,0,0,6,1,1
D10_27,D10,27,1,0,0,0,0,6,2,1
D10_28,D10,28,1,0,0,0,0,6,2,1
D10_29,D10,29,1,0,0,0,0,6,2,1
D10_30,D10,30,1,0,2,0,0,6,2,1
D10_31,D10,31,1,0,0,0,0,6,2,1
D10_32,D10,32,0,0,0,1,0,2,1,0
D10_33,D10,33,0,0,0,1,0,0,0,0
D10_34,D10,34,0,0,0,1,0,3,2,0
D10_35,D10,35,-99,-99,0,0,0,0,0,0
D10_36,D10,36,-99,-99,1,0,0,0,0,0
D10_37,D10,37,0,0,0,1,0,3,2,1
D10_38,D10,38,0,0,2,0,0,0,0,1
D10_39,D10,39,0,0,0,1,0,4,1,0
D10_40,D10,40,-99,-99,0,0,0,0,0,0
D10_41,D10,41,0,0,0,1,0,4,1,0
D10_42,D10,42,0,0,0,1,0,4,1,0
D10_43,D10,43,0,0,2,1,0,7,1,0
D10_44,D10,44,0,0,0,1,0,7,2,1
D10_45,D10,45,0,0,2,0,0,0,0,1
D10_46,D10,46,0,0,0,0,0,0,0,1
D10_47,D10,47,0,0,0,1,0,7,1,1
D10_48,D10,48,0,0,0,1,0,0,0,1
D10_49,D10,49,0,0,2,0,0,0,0,1
D10_50,D10,50,0,0,2,1,0,7,1,1
D10_51,D10,51,0,0,0,0,0,7,1,1
D10_52,D10,52,0,0,0,0,0,2,2,1
D10_53,D10,53,1,0,0,1,0,7,1,0
D10_54,D10,54,0,1,6,1,0,7,1,0
D10_55,D10,55,0,1,6,1,0,7,1,0
D10_56,D10,56,1,0,0,0,0,6,2,1
D10_57,D10,57,1,0,0,1,0,6,2,1
D10_58,D10,58,0,0,0,0,0,5,2,1
D10_59,D10,59,1,0,0,0,0,0,1,1
D10_60,D10,60,1,0,0,0,0,0,1,1
D10_61,D10,61,0,0,0,1,0,7,1,1
D10_62,D10,62,1,0,0,0,0,6,0,1
D10_63,D10,63,-99,-99,3,0,0,0,0,0
D10_64,D10,64,0,0,2,1,0,0,0,0
D10_65,D10,65,0,0,0,0,0,0,0,0
D10_66,D10,66,0,0,0,1,0,7,1,0
D10_67,D10,67,0,0,0,1,0,0,0,0
D10_68,D10,68,0,0,0,1,0,0,0,0
D10_69,D10,69,-99,-99,0,0,0,0,0,0
D10_70,D10,70,1,0,0,0,0,0,0,0
D10_71,D10,71,0,0,0,0,1,5,1,0
D10_72,D10,72,1,0,0,0,0,6,1,0
D10_73,D10,73,-99,-99,0,0,0,0,0,0
D10_74,D10,74,-99,-99,3,0,0,0,0,0
D10_75,D10,75,0,0,0,1,0,0,0,1
D10_76,D10,76,1,0,0,0,0,7,1,1
D10_77,D10,77,0,1,0,0,0,2,1,0
D10_78,D10,78,0,0,0,1,0,0,0,0
D10_79,D10,79,0,0,0,0,0,0,0,0
D10_80,D10,80,0,0,0,1,0,0,0,0
D10_81,D10,81,0,1,5,0,0,0,0,0
D10_82,D10,82,1,0,0,1,0,6,1,1
D10_83,D10,83,1,0,2,1,0,6,1,1
D10_84,D10,84,0,0,0,0,0,3,1,0
D10_85,D10,85,0,0,2,1,0,0,0,0
D10_86,D10,86,0,0,0,0,0,2,1,0
D10_87,D10,87,-99,-99,0,0,0,0,0,0
D10_88,D10,88,0,0,0,0,0,2,1,0
D10_89,D10,89,-99,-99,0,1,1,0,0,0
D10_90,D10,90,0,0,0,0,0,2,2,0
D10_91,D10,91,0,1,2,0,0,0,0,0
D10_92,D10,92,0,0,2,1,0,6,1,1
D10_93,D10,93,1,0,0,1,0,6,1,1
D10_94,D10,94,1,0,0,0,0,6,1,1
D10_95,D10,95,0,0,0,0,0,2,1,1
D10_96,D10,96,0,0,0,0,0,2,2,1
D10_97,D10,97,0,0,0,0,0,2,2,1
D10_98,D10,98,1,0,0,0,0,6,2,1
D10_99,D10,99,1,0,0,0,0,2,1,1
D10_100,D10,100,0,0,0,0,0,2,1,1
D10_101,D10,101,0,0,2,0,0,2,1,1
D10_102,D10,102,0,0,0,0,1,4,2,1
D10_103,D10,103,0,0,0,1,0,2,2,1
D10_104,D10,104,0,0,0,1,0,4,2,1
D10_105,D10,105,0,0,0,0,0,2,1,1
D10_106,D10,106,1,0,0,0,0,6,2,1
D10_107,D10,107,1,0,0,0,0,6,2,1
D10_108,D10,108,1,0,0,0,0,6,1,1
D10_109,D10,109,0,0,0,1,0,0,0,0
D10_110,D10,110,1,0,0,0,1,4,2,0
D10_111,D10,111,1,0,0,0,0,4,2,0
D10_112,D10,112,1,0,8,0,0,4,1,0
D10_113,D10,113,1,0,0,0,0,4,2,0
D10_114,D10,114,0,0,8,0,0,4,2,0
D10_115,D10,115,1,0,0,0,0,4,2,0
D10_116,D10,116,1,0,0,0,0,4,2,0
D10_117,D10,117,0,0,0,1,0,4,1,1
D10_118,D10,118,0,0,5,0,0,0,0,0
D10_119,D10,119,0,0,2,0,0,0,0,1
D10_120,D10,120,0,0,0,1,0,4,2,1
D10_121,D10,121,1,0,8,0,0,4,1,1
D10_122,D10,122,0,0,0,1,0,7,1,1
D10_123,D10,123,0,0,8,1,0,4,2,1
D10_124,D10,124,0,0,0,1,0,7,2,1
D10_125,D10,125,0,0,2,1,0,7,1,1
D10_126,D10,126,1,0,0,0,0,0,1,1
D10_127,D10,127,-99,-99,0,0,0,6,1,1
D10_128,D10,128,1,0,0,0,0,0,1,1
D10_129,D10,129,1,0,0,0,0,0,1,1
D10_130,D10,130,0,0,0,1,0,0,0,0
D10_131,D10,131,1,0,0,1,0,6,1,0
D10_132,D10,132,1,0,0,0,0,6,1,0
D10_133,D10,133,1,0,0,0,0,6,1,0
D10_134,D10,134,1,0,2,1,0,6,1,0
D10_135,D10,135,1,0,0,0,0,6,1,1
D10_136,D10,136,1,0,1,1,0,0,1,1
D10_137,D10,137,1,0,0,1,0,6,2,1
D10_138,D10,138,1,0,0,0,0,6,1,1
D10_139,D10,139,1,0,0,1,0,6,1,1
D10_140,D10,140,1,0,0,0,0,6,2,1
D10_141,D10,141,0,0,3,1,0,0,0,0
D10_142,D10,142,0,0,0,0,0,2,1,0
D10_143,D10,143,0,0,0,0,0,0,0,0
D10_144,D10,144,0,0,0,0,1,7,0,0
D10_145,D10,145,0,0,0,1,0,0,0,0
D10_146,D10,146,0,0,2,1,0,0,0,0
D10_147,D10,147,0,0,2,1,0,0,0,0
D10_148,D10,148,0,0,0,0,0,0,0,0
D10_149,D10,149,-99,-99,0,1,0,7,0,0
D10_150,D10,150,1,0,0,1,0,7,1,0
D10_151,D10,151,0,0,0,1,0,7,1,0
D10_152,D10,152,1,0,0,1,0,7,1,0
D10_153,D10,153,1,0,0,0,0,6,2,1
D11_1,D11,1,1,0,0,0,0,6,1,0
D11_2,D11,2,-99,-99,0,0,0,0,0,0
D11_3,D11,3,1,0,0,0,0,6,1,1
D11_4,D11,4,-99,0,0,1,0,0,0,0
D11_5,D11,5,1,0,0,0,0,6,2,1
D11_6,D11,6,1,0,0,0,0,6,2,1
D11_7,D11,7,1,0,0,1,0,6,2,1
D11_8,D11,8,-99,0,0,0,0,0,0,0
D11_9,D11,9,0,0,5,0,0,0,0,0
D11_10,D11,10,0,1,5,0,0,0,0,0
D11_11,D11,11,0,0,0,1,0,7,2,1
D11_12,D11,12,0,0,0,1,0,7,1,0
D11_13,D11,13,1,0,0,1,0,7,1,0
D11_14,D11,14,0,0,0,1,0,7,1,0
D11_15,D11,15,0,0,0,1,0,7,1,0
D11_16,D11,16,0,0,8,1,0,4,2,1
D11_17,D11,17,0,0,0,0,0,2,1,1
D11_18,D11,18,0,0,0,1,0,0,0,1
D11_19,D11,19,0,0,0,1,0,7,1,1
D11_20,D11,20,-99,0,0,1,0,0,0,1
D11_21,D11,21,0,0,0,0,0,0,0,1
D11_22,D11,22,0,0,0,0,0,2,1,1
D11_23,D11,23,0,0,0,1,0,7,2,1
D11_24,D11,24,0,0,0,1,0,7,2,1
D11_25,D11,25,1,0,0,0,0,6,2,0
D11_26,D11,26,1,1,0,0,0,1,1,1
D11_27,D11,27,0,0,0,1,0,3,2,0
D11_28,D11,28,0,0,0,1,0,4,2,0
D11_29,D11,29,0,0,0,0,1,5,2,0
D11_30,D11,30,1,0,0,0,0,0,0,1
D11_31,D11,31,0,0,0,0,0,0,0,1
D11_32,D11,32,0,0,0,0,0,0,0,1
D11_33,D11,33,1,0,0,0,0,0,0,1
D11_34,D11,34,1,0,0,0,0,0,0,1
D11_35,D11,35,1,0,0,0,0,0,0,1
D11_36,D11,36,1,0,0,0,0,0,0,1
D11_37,D11,37,1,0,0,0,0,0,0,1
D11_38,D11,38,1,0,0,0,0,0,0,1
D11_39,D11,39,1,0,0,0,0,6,1,1
D11_40,D11,40,1,0,0,0,0,6,1,1
D11_41,D11,41,1,1,0,1,0,7,2,1
D11_42,D11,42,1,1,0,0,0,7,2,1
D11_43,D11,43,0,0,2,1,0,7,2,1
D11_44,D11,44,1,0,0,1,1,7,2,1
D11_45,D11,45,0,0,0,1,0,7,2,1
D11_46,D11,46,1,0,0,0,0,7,1,1
D11_47,D11,47,0,0,0,1,0,7,2,1
D11_48,D11,48,0,0,0,1,0,7,2,1
D11_49,D11,49,0,0,0,0,0,2,1,1
D11_50,D11,50,1,0,0,0,0,6,2,1
D11_51,D11,51,0,0,0,1,0,2,1,1
D11_52,D11,52,0,0,0,1,0,2,1,1
D11_53,D11,53,0,0,0,1,0,2,1,1
D11_54,D11,54,1,1,0,0,0,2,1,1
D11_55,D11,55,1,1,0,0,0,2,1,1
D11_56,D11,56,1,1,0,0,0,2,1,1
D11_57,D11,57,1,1,0,0,0,2,1,1
D11_58,D11,58,1,1,0,0,0,2,1,1
D11_59,D11,59,0,0,0,1,0,2,1,1
D11_60,D11,60,0,0,0,1,0,2,1,1
D11_61,D11,61,-99,1,0,1,0,2,1,1
D11_62,D11,62,1,1,0,0,0,2,1,1
D11_63,D11,63,1,1,0,0,0,2,1,1
D11_64,D11,64,1,1,0,0,0,2,1,1
D11_65,D11,65,1,0,0,0,0,4,1,0
D11_66,D11,66,0,0,0,0,0,0,0,1
D11_67,D11,67,-99,0,0,0,1,0,0,0
D11_68,D11,68,1,0,0,0,0,1,1,1
D11_69,D11,69,1,0,0,0,0,6,1,1
D11_70,D11,70,1,0,0,0,0,0,0,1
D11_71,D11,71,1,0,0,0,0,6,2,1
D11_72,D11,72,1,0,0,1,0,6,2,1
D11_73,D11,73,0,0,0,0,0,0,0,0
D11_74,D11,74,1,0,0,0,0,6,1,0
D11_75,D11,75,0,0,4,0,0,0,0,0
D11_76,D11,76,0,0,0,1,0,0,0,0
D11_77,D11,77,0,0,0,1,0,0,0,0
D11_78,D11,78,0,0,0,1,0,7,2,1
D11_79,D11,79,0,0,0,1,0,4,2,1
D11_80,D11,80,0,0,2,1,0,3,1,1
D11_81,D11,81,0,0,0,1,0,7,2,1
D11_82,D11,82,0,0,2,1,0,0,0,1
D11_83,D11,83,1,1,0,1,0,7,1,1
D11_84,D11,84,0,0,0,1,0,4,2,1
D11_85,D11,85,0,0,0,1,0,0,0,1
D11_86,D11,86,0,0,0,1,0,7,1,1
D11_87,D11,87,0,0,0,1,0,7,1,1
D11_88,D11,88,0,0,0,0,0,2,1,0
D11_89,D11,89,0,0,2,1,0,7,1,0
D11_90,D11,90,0,0,0,0,0,3,1,0
D11_91,D11,91,0,0,0,0,0,2,1,0
D11_92,D11,92,1,0,0,0,0,6,1,0
D11_93,D11,93,1,1,0,0,0,5,1,0
D11_94,D11,94,1,0,0,0,0,6,2,1
D11_95,D11,95,1,1,0,0,0,6,1,1
D11_96,D11,96,1,0,0,0,0,6,2,1
D11_97,D11,97,1,0,0,0,0,6,2,1
D11_98,D11,98,1,0,0,0,0,0,0,1
D11_99,D11,99,1,0,0,1,0,6,2,1
D11_100,D11,100,0,0,2,0,0,0,0,0
D11_101,D11,101,1,0,0,0,0,0,0,1
D11_102,D11,102,0,0,0,1,0,7,1,1
D11_103,D11,103,1,0,0,0,0,6,2,1
D11_104,D11,104,0,0,2,1,0,7,2,1
D11_105,D11,105,0,0,0,1,0,7,1,1
D11_106,D11,106,0,0,8,1,1,4,2,1
D11_107,D11,107,0,0,0,1,0,0,0,1
D11_108,D11,108,0,0,0,1,0,7,2,1
D11_109,D11,109,0,0,0,1,0,0,0,1
D11_110,D11,110,0,0,0,1,0,0,0,1
D11_111,D11,111,-99,-99,0,0,0,0,0,1
D11_112,D11,112,0,1,0,0,0,0,0,1
D11_113,D11,113,0,0,8,1,0,4,2,1
D11_114,D11,114,0,0,2,1,0,0,0,0
D11_115,D11,115,0,0,2,1,0,3,1,0
D11_116,D11,116,0,0,0,0,0,0,0,0
D11_117,D11,117,-99,1,0,0,0,7,1,1
D11_118,D11,118,0,0,0,0,0,1,1,1
D11_119,D11,119,0,0,0,0,0,3,1,1
D11_120,D11,120,0,0,0,1,0,3,2,1
D11_121,D11,121,0,0,0,0,0,2,1,1
D11_122,D11,122,0,0,2,0,0,2,1,1
D11_123,D11,123,1,0,0,0,0,4,1,1
D11_124,D11,124,1,0,0,0,0,4,1,1
D11_125,D11,125,1,0,5,0,0,6,2,1
D12_1,D12,1,1,0,0,0,1,7,2,1
D12_2,D12,2,-99,-99,4,0,0,0,0,0
D12_3,D12,3,1,0,0,1,0,1,1,1
D12_4,D12,4,1,0,0,0,1,7,2,1
D12_5,D12,5,1,0,0,1,1,7,2,1
D12_6,D12,6,1,0,0,0,0,7,1,1
D12_7,D12,7,-99,-99,0,1,0,7,1,1
D12_8,D12,8,1,1,7,0,0,1,1,1
D12_9,D12,9,0,1,0,0,0,2,1,1
D12_10,D12,10,1,0,0,0,0,6,1,1
D12_11,D12,11,1,0,0,0,0,6,2,1
D12_12,D12,12,0,0,0,1,0,3,1,0
D12_13,D12,13,0,0,2,1,0,7,1,1
D12_14,D12,14,0,0,2,1,0,7,1,1
D12_15,D12,15,0,0,0,1,0,7,1,1
D12_16,D12,16,0,0,8,1,0,4,2,1
D12_17,D12,17,0,0,0,0,0,7,2,1
D12_18,D12,18,0,0,2,0,0,7,2,1
D12_19,D12,19,0,0,0,1,0,7,1,1
D12_20,D12,20,0,0,0,0,0,0,0,1
D12_21,D12,21,0,0,0,1,0,7,1,1
D12_22,D12,22,0,0,0,1,0,7,1,1
D12_23,D12,23,0,0,0,1,0,7,1,1
D12_24,D12,24,0,0,0,1,0,3,2,0
D12_25,D12,25,1,0,0,0,0,6,1,0
D12_26,D12,26,1,0,0,0,0,6,1,1
D12_27,D12,27,1,0,0,1,0,6,1,1
D12_28,D12,28,1,0,0,1,0,1,1,1
D12_29,D12,29,1,0,0,0,0,6,2,1
D12_30,D12,30,1,0,0,0,0,6,1,1
D12_31,D12,31,0,0,2,0,0,0,0,0
D12_32,D12,32,0,0,0,0,1,0,0,1
D12_33,D12,33,-99,-99,0,0,0,0,0,0
D12_34,D12,34,-99,-99,0,0,0,0,0,0
D12_35,D12,35,-99,-99,0,0,0,0,0,0
D12_36,D12,36,0,1,2,0,0,0,0,0
D12_37,D12,37,1,1,3,0,0,0,0,0
D12_38,D12,38,0,0,0,0,1,7,2,1
D12_39,D12,39,1,0,0,1,1,4,1,1
D12_40,D12,40,0,0,0,0,0,7,2,1
D12_41,D12,41,1,0,0,0,1,7,2,1
D12_42,D12,42,0,0,0,0,0,7,1,1
D12_43,D12,43,1,0,0,0,0,7,2,1
D12_44,D12,44,1,0,0,0,0,4,1,1
D12_45,D12,45,1,0,0,0,0,7,2,1
D12_46,D12,46,0,1,5,0,0,0,0,0
D12_47,D12,47,1,0,0,0,0,6,1,1
D12_48,D12,48,0,0,0,1,0,3,1,1
D12_49,D12,49,1,0,0,0,0,6,2,1
D12_50,D12,50,1,0,0,0,0,6,2,1
D12_51,D12,51,0,0,5,1,0,2,2,1
D12_52,D12,52,0,0,0,1,0,3,1,0
D12_53,D12,53,0,0,0,1,0,7,2,1
D12_54,D12,54,0,0,0,0,0,3,1,1
D12_55,D12,55,0,0,0,1,0,7,2,1
D12_56,D12,56,0,0,0,0,1,7,2,1
D12_57,D12,57,0,0,2,1,0,7,2,1
D12_58,D12,58,-99,-99,0,0,0,0,0,1
D12_59,D12,59,0,0,0,0,0,0,0,1
D12_60,D12,60,0,0,0,1,0,7,2,1
D12_61,D12,61,0,0,0,0,0,7,2,1
D12_62,D12,62,0,0,1,0,0,2,2,1
D12_63,D12,63,0,0,0,0,0,0,0,1
D12_64,D12,64,0,0,0,1,0,7,2,1
D12_65,D12,65,0,0,0,0,0,0,0,0
D12_66,D12,66,1,0,0,0,1,7,2,0
D12_67,D12,67,1,0,0,1,0,7,2,0
D12_68,D12,68,1,0,0,0,1,7,2,0
D12_69,D12,69,1,0,0,0,1,7,2,0
D12_70,D12,70,0,0,0,0,0,0,0,1
D12_71,D12,71,1,0,0,0,0,6,1,1
D12_72,D12,72,1,0,0,0,0,7,1,1
D12_73,D12,73,-99,-99,0,0,0,0,0,1
D12_74,D12,74,1,1,5,0,0,6,1,1
D12_75,D12,75,0,0,0,1,0,3,1,0
D12_76,D12,76,0,0,0,0,0,0,0,1
D12_77,D12,77,1,0,0,1,0,7,2,1
D12_78,D12,78,0,0,0,1,0,7,2,1
D12_79,D12,79,0,0,0,1,0,7,2,1
D12_80,D12,80,0,0,8,1,1,4,2,1
D12_81,D12,81,0,0,0,1,0,7,1,1
D12_82,D12,82,1,0,5,0,0,2,1,1
D12_83,D12,83,0,0,0,0,0,7,1,1
D12_84,D12,84,0,0,0,1,0,0,0,1
D12_85,D12,85,0,0,0,1,0,7,1,1
D12_86,D12,86,0,0,0,1,0,7,2,1
D12_87,D12,87,-99,-99,0,0,0,0,0,1
D12_88,D12,88,1,0,0,0,0,0,0,1
D12_89,D12,89,1,0,0,1,0,6,2,1
D12_90,D12,90,1,0,0,1,0,6,1,1
D12_91,D12,91,1,0,0,1,0,6,2,1
D12_92,D12,92,1,0,0,0,0,0,0,0
D12_93,D12,93,1,0,0,0,0,7,2,1
D12_94,D12,94,1,0,0,0,0,0,1,0
D12_95,D12,95,1,0,0,0,0,6,2,1
D12_96,D12,96,1,0,0,0,0,6,1,1
D12_97,D12,97,1,0,0,0,0,6,1,1
D12_98,D12,98,0,0,0,1,0,0,0,0
D12_99,D12,99,0,0,0,0,0,0,0,1
D12_100,D12,100,0,0,0,0,0,0,0,1
D12_101,D12,101,0,0,0,0,0,0,0,0
D12_102,D12,102,0,0,0,1,0,3,1,0
D12_103,D12,103,0,0,8,1,1,4,2,1
D12_104,D12,104,0,0,8,1,1,4,2,1
D12_105,D12,105,0,0,0,1,0,0,0,1
D12_106,D12,106,1,0,0,0,0,1,1,1
D12_107,D12,107,0,0,0,0,0,2,1,1
D12_108,D12,108,0,0,0,1,0,7,1,1
D12_109,D12,109,0,0,0,0,0,0,0,1
D12_110,D12,110,0,0,0,0,0,0,0,1
D12_111,D12,111,0,0,8,1,0,4,1,1
D12_112,D12,112,0,0,8,1,0,4,1,1
D12_113,D12,113,0,0,8,1,0,4,1,1
D12_114,D12,114,0,0,0,1,0,7,1,0
D12_115,D12,115,1,0,0,0,0,6,2,1
D12_116,D12,116,1,0,0,0,0,1,1,1
D12_117,D12,117,0,0,2,1,0,7,1,1
D12_118,D12,118,0,0,0,1,0,3,1,0
D12_119,D12,119,0,0,0,1,1,7,2,1
D12_120,D12,120,0,0,0,1,0,0,0,1
D12_121,D12,121,1,0,0,1,1,7,2,1
D12_122,D12,122,0,0,2,1,0,0,0,1
D12_123,D12,123,0,0,0,0,0,2,2,1
D12_124,D12,124,0,0,0,1,0,7,1,1
D12_125,D12,125,0,0,0,1,0,7,2,1
D12_126,D12,126,1,0,0,0,0,7,1,1
D12_127,D12,127,0,0,0,1,0,3,1,1
D12_128,D12,128,0,0,2,0,0,0,0,1
D12_129,D12,129,0,0,0,0,0,2,1,1
D12_130,D12,130,0,0,0,0,0,0,0,1
D12_131,D12,131,1,0,0,0,1,4,2,1
D12_132,D12,132,-99,-99,4,0,0,0,0,0
D13_1,D13,1,1,0,0,0,0,0,0,1
D13_2,D13,2,1,0,0,1,0,7,2,1
D13_3,D13,3,1,0,0,0,1,7,1,0
D13_4,D13,4,1,0,0,1,0,0,0,0
D13_5,D13,5,0,0,0,0,0,0,0,0
D13_6,D13,6,0,1,0,0,0,0,0,1
D13_7,D13,7,0,0,0,0,1,7,2,1
D13_8,D13,8,1,0,0,0,0,0,0,0
D13_9,D13,9,0,0,0,1,0,7,2,1
D13_10,D13,10,0,0,0,1,0,7,2,1
D13_11,D13,11,0,0,0,1,0,0,0,1
D13_12,D13,12,0,0,0,1,0,7,1,1
D13_13,D13,13,0,0,2,1,0,0,0,1
D13_14,D13,14,0,0,0,1,0,7,1,1
D13_15,D13,15,1,1,0,0,0,7,1,1
D13_16,D13,16,-99,1,0,0,0,0,0,1
D13_17,D13,17,1,0,0,0,0,0,0,1
D13_18,D13,18,1,0,0,0,0,0,0,1
D13_19,D13,19,1,0,0,1,0,7,1,1
D13_20,D13,20,0,0,0,0,0,0,0,1
D13_21,D13,21,0,0,0,0,0,0,0,1
D13_22,D13,22,1,0,0,1,0,6,2,0
D13_23,D13,23,1,0,0,0,0,6,1,1
D13_24,D13,24,0,0,0,1,0,7,2,0
D13_25,D13,25,0,0,0,1,0,4,2,1
D13_26,D13,26,0,0,8,1,0,4,2,1
D13_27,D13,27,0,0,2,0,0,0,0,1
D13_28,D13,28,0,0,0,0,0,7,0,1
D13_29,D13,29,0,0,0,1,0,7,1,1
D13_30,D13,30,0,0,0,0,0,0,0,1
D13_31,D13,31,0,0,0,1,0,7,1,1
D13_32,D13,32,0,0,0,1,0,0,0,1
D13_33,D13,33,0,0,0,0,0,0,0,1
D13_34,D13,34,1,0,0,0,0,6,1,1
D13_35,D13,35,1,1,5,0,0,1,2,1
D13_36,D13,36,1,0,0,0,0,1,2,1
D13_37,D13,37,1,0,5,0,0,1,1,1
D13_38,D13,38,0,0,0,1,0,7,2,1
D13_39,D13,39,0,1,0,1,0,7,1,1
D13_40,D13,40,-99,0,0,0,0,0,0,1
D13_41,D13,41,0,0,0,1,0,7,2,1
D13_42,D13,42,0,0,2,1,0,0,0,1
D13_43,D13,43,-99,0,0,1,0,0,0,1
D13_44,D13,44,0,0,0,1,0,0,0,1
D13_45,D13,45,0,0,0,1,0,7,1,1
D13_46,D13,46,1,0,0,0,0,7,2,1
D13_47,D13,47,0,0,0,1,0,0,0,1
D13_48,D13,48,1,0,0,0,0,6,2,1
D13_49,D13,49,1,0,0,0,1,7,2,1
D13_50,D13,50,1,0,0,0,0,7,2,1
D13_51,D13,51,1,0,0,0,0,7,2,1
D13_52,D13,52,1,0,0,0,0,0,0,1
D13_53,D13,53,0,0,0,1,0,7,2,1
D13_54,D13,54,0,0,0,1,0,7,2,1
D13_55,D13,55,1,0,0,0,0,7,2,1
D13_56,D13,56,0,0,0,1,0,3,2,1
D13_57,D13,57,0,0,0,1,0,0,0,1
D13_58,D13,58,0,0,0,1,0,0,0,1
D13_59,D13,59,0,1,0,1,0,7,2,1
D13_60,D13,60,1,0,0,0,0,7,2,1
D13_61,D13,61,1,0,0,1,0,7,2,1
D13_62,D13,62,-99,-99,0,0,0,0,0,1
D13_63,D13,63,0,0,0,1,0,0,0,0
D13_64,D13,64,0,0,0,0,0,0,0,0
D13_65,D13,65,0,0,0,1,0,7,2,1
D13_66,D13,66,0,0,0,1,0,7,2,1
D13_67,D13,67,0,0,0,1,0,0,0,1
D13_68,D13,68,1,1,0,0,0,7,1,1
D13_69,D13,69,0,0,0,0,0,2,1,1
D13_70,D13,70,0,0,0,1,0,7,2,1
D13_71,D13,71,0,1,5,0,0,2,1,1
D13_72,D13,72,0,0,0,1,0,7,2,1
D13_73,D13,73,0,0,0,1,0,7,2,1
D13_74,D13,74,0,0,2,0,0,2,1,1
D13_75,D13,75,0,1,5,0,0,0,0,0
D13_76,D13,76,-99,-99,0,1,0,0,0,1
D13_77,D13,77,1,0,0,1,0,0,0,1
D13_78,D13,78,0,0,0,0,0,0,0,0
D13_79,D13,79,0,0,0,1,0,0,0,1
D13_80,D13,80,0,0,5,1,0,3,2,0
D13_81,D13,81,0,0,3,1,0,7,1,0
D13_82,D13,82,-99,-99,0,0,0,0,0,0
D13_83,D13,83,-99,-99,0,0,0,0,0,0
D13_84,D13,84,1,0,0,0,0,0,0,0
D13_85,D13,85,1,0,0,0,0,0,0,1
D13_86,D13,86,1,0,0,1,0,0,0,0
D13_87,D13,87,1,0,0,0,1,1,1,0
D13_88,D13,88,1,0,5,0,0,1,0,0
D13_89,D13,89,-99,-99,0,0,0,0,0,0
D13_90,D13,90,1,0,0,0,0,1,1,1
D13_91,D13,91,1,0,0,0,0,1,1,1
D13_92,D13,92,1,0,0,1,0,1,1,1
D13_93,D13,93,1,0,0,0,0,1,1,1
D13_94,D13,94,1,0,0,0,0,1,1,1
D13_95,D13,95,1,0,0,0,0,0,0,1
D13_96,D13,96,1,0,0,0,1,0,0,1
D13_97,D13,97,1,0,0,0,0,0,0,1
D13_98,D13,98,1,0,0,1,0,0,0,1
D13_99,D13,99,1,1,5,0,0,7,2,1
D13_100,D13,100,1,0,0,1,0,1,1,1
D13_101,D13,101,1,0,0,0,0,1,1,1
D13_102,D13,102,1,0,0,0,0,4,2,1
D13_103,D13,103,1,0,0,1,1,5,2,1
D13_104,D13,104,1,0,5,1,0,1,1,1
D13_105,D13,105,1,0,0,0,0,0,0,1
D13_106,D13,106,1,0,0,0,0,7,2,1
D13_107,D13,107,-99,-99,4,0,0,0,0,0
D13_108,D13,108,0,0,0,0,0,4,2,1
D13_109,D13,109,1,0,0,0,0,0,0,1
D13_110,D13,110,0,0,0,1,0,2,2,1
D13_111,D13,111,1,0,0,1,0,1,2,1
D13_112,D13,112,1,0,0,0,0,6,2,1
D13_113,D13,113,1,0,0,0,0,0,0,1
D13_114,D13,114,0,0,0,0,0,3,2,1
D13_115,D13,115,1,1,1,0,0,0,0,0
D13_116,D13,116,0,0,0,1,0,0,0,1
D13_117,D13,117,1,0,0,0,0,7,2,1
D13_118,D13,118,1,0,5,0,0,1,2,1
D14_1,D14,1,1,0,0,0,0,0,0,1
D14_2,D14,2,-99,-99,0,0,0,0,0,0
D14_3,D14,3,0,0,6,1,0,7,1,0
D14_4,D14,4,-99,-99,0,0,0,0,0,0
D14_5,D14,5,1,0,0,0,0,0,0,0
D14_6,D14,6,0,0,0,0,0,0,0,0
D14_7,D14,7,0,0,0,1,0,0,0,0
D14_8,D14,8,0,0,0,0,0,3,1,0
D14_9,D14,9,0,0,0,0,0,0,0,0
D14_10,D14,10,0,0,0,0,0,3,1,0
D14_11,D14,11,0,1,0,0,0,2,1,1
D14_12,D14,12,0,0,2,0,0,0,0,1
D14_13,D14,13,-99,-99,4,0,0,0,0,1
D14_14,D14,14,0,0,0,1,0,0,0,1
D14_15,D14,15,1,0,8,0,0,0,0,1
D14_16,D14,16,0,0,0,1,0,7,2,1
D14_17,D14,17,1,0,0,0,0,4,1,1
D14_18,D14,18,0,0,2,0,0,0,0,1
D14_19,D14,19,0,0,0,1,0,7,2,1
D14_20,D14,20,1,1,0,0,0,7,2,0
D14_21,D14,21,1,0,0,0,1,7,2,0
D14_22,D14,22,1,0,0,0,0,7,2,0
D14_23,D14,23,1,0,0,1,0,7,2,0
D14_24,D14,24,0,0,0,1,0,7,1,1
D14_25,D14,25,0,0,0,0,0,0,0,1
D14_26,D14,26,0,0,0,0,0,0,0,1
D14_27,D14,27,1,0,0,1,0,0,0,0
D14_28,D14,28,1,0,0,1,0,0,0,0
D14_29,D14,29,1,0,0,0,0,0,0,0
D14_30,D14,30,0,0,0,1,0,7,1,0
D14_31,D14,31,0,0,0,1,0,4,2,1
D14_32,D14,32,1,0,0,0,0,1,1,1
D14_33,D14,33,1,0,0,0,0,0,0,1
D14_34,D14,34,1,0,0,0,0,6,2,1
D14_35,D14,35,1,0,0,0,0,6,2,1
D14_36,D14,36,1,0,0,0,0,6,1,1
D14_37,D14,37,1,0,0,0,0,6,1,1
D14_38,D14,38,1,0,0,0,0,6,1,1
D14_39,D14,39,0,0,5,0,0,0,0,0
D14_40,D14,40,-99,-99,1,0,0,7,1,1
D14_41,D14,41,1,1,0,0,0,7,2,1
D14_42,D14,42,1,0,0,0,0,7,2,1
D14_43,D14,43,1,0,0,0,0,7,2,1
D14_44,D14,44,0,0,0,1,0,7,2,1
D14_45,D14,45,1,0,0,1,1,7,2,1
D14_46,D14,46,1,1,0,0,0,7,2,1
D14_47,D14,47,0,1,0,1,0,7,1,1
D14_48,D14,48,1,0,0,0,0,7,2,1
D14_49,D14,49,1,0,0,0,0,7,1,1
D14_50,D14,50,-99,-99,0,1,0,7,1,1
D14_51,D14,51,-99,-99,5,0,0,7,2,0
D14_52,D14,52,0,0,0,1,0,0,0,0
D14_53,D14,53,1,0,0,0,0,0,0,0
D14_54,D14,54,1,0,0,0,0,0,0,0
D14_55,D14,55,1,0,0,0,0,6,1,1
D14_56,D14,56,1,0,0,0,0,6,1,1
D14_57,D14,57,1,0,0,0,0,0,0,1
D14_58,D14,58,1,0,0,0,0,0,0,1
D14_59,D14,59,1,0,0,0,0,0,0,1
D14_60,D14,60,1,0,0,0,0,0,0,1
D14_61,D14,61,1,0,0,0,0,0,0,1
D14_62,D14,62,1,0,0,1,0,0,0,1
D14_63,D14,63,-99,-99,6,1,0,0,0,0
D14_64,D14,64,-99,-99,6,1,0,0,0,0
D14_65,D14,65,-99,-99,1,0,0,0,0,0
D14_66,D14,66,-99,-99,0,0,0,0,0,0
D14_67,D14,67,-99,-99,4,0,0,0,0,0
D14_68,D14,68,0,0,0,0,0,0,0,0
D14_69,D14,69,1,0,0,0,0,0,0,0
D14_70,D14,70,0,0,8,1,0,4,2,0
D14_71,D14,71,1,0,0,0,0,0,0,0
D14_72,D14,72,1,0,0,0,0,0,0,1
D14_73,D14,73,1,0,0,0,0,0,0,0
D14_74,D14,74,0,0,8,1,0,4,2,0
D14_75,D14,75,1,0,0,0,0,0,0,0
D14_76,D14,76,1,0,0,1,0,7,2,1
D14_77,D14,77,1,0,0,0,0,0,0,0
D14_78,D14,78,1,0,0,0,0,7,1,0
D14_79,D14,79,1,0,0,0,1,7,1,0
D14_80,D14,80,-99,-99,0,0,0,0,0,1
D14_81,D14,81,1,0,5,0,0,1,1,1
D14_82,D14,82,1,0,0,1,0,6,2,1
D14_83,D14,83,0,0,0,0,0,5,2,1
D14_84,D14,84,1,0,0,1,0,6,2,1
D14_85,D14,85,1,0,0,0,0,0,0,1
D14_86,D14,86,1,0,0,0,0,6,2,1
D14_87,D14,87,1,0,0,1,0,0,0,1
D14_88,D14,88,0,0,2,1,0,3,2,1
D14_89,D14,89,0,0,0,0,0,0,0,0
D14_90,D14,90,0,0,0,0,0,2,1,0
D14_91,D14,91,0,0,2,0,0,0,0,0
D14_92,D14,92,0,0,0,1,0,0,0,0
D14_93,D14,93,0,1,0,0,0,0,0,0
D14_94,D14,94,0,0,0,0,0,0,0,1
D14_95,D14,95,0,0,0,1,0,7,2,1
D14_96,D14,96,0,0,0,1,0,7,2,1
D14_97,D14,97,0,0,0,0,0,0,0,1
D14_98,D14,98,0,0,0,1,0,7,2,1
D14_99,D14,99,0,0,8,1,0,4,2,1
D14_100,D14,100,0,0,0,1,0,7,2,1
D14_101,D14,101,0,0,7,0,0,7,1,1
D14_102,D14,102,0,0,0,0,0,0,0,1
D14_103,D14,103,-99,-99,7,0,0,0,0,0
D15_1,D15,1,0,0,2,1,0,2,1,0
D15_2,D15,2,0,0,0,0,0,0,0,0
D15_4,D15,3,0,1,5,0,0,0,0,0
D15_3,D15,4,0,0,2,1,0,2,1,0
D15_5,D15,5,1,0,0,0,0,6,1,0
D15_6,D15,6,0,1,6,1,0,0,0,0
D15_7,D15,7,0,1,5,0,0,0,0,0
D15_8,D15,8,1,0,0,0,0,7,2,1
D15_9,D15,9,1,0,0,0,0,7,2,1
D15_10,D15,10,1,0,0,0,0,7,2,1
D15_11,D15,11,1,0,0,0,1,7,2,1
D15_12,D15,12,1,0,0,0,1,7,2,0
D15_13,D15,13,1,0,0,0,0,7,2,0
D15_14,D15,14,1,0,0,1,0,7,1,0
D15_15,D15,15,1,0,0,0,0,7,1,0
D15_16,D15,16,-99,-99,3,0,0,0,0,0
D15_17,D15,17,0,0,0,0,0,2,1,0
D15_18,D15,18,-99,-99,3,0,0,0,0,0
D15_19,D15,19,-99,-99,3,0,0,0,0,0
D15_20,D15,20,-99,-99,4,0,0,0,0,0
D15_21,D15,21,0,1,5,0,0,0,0,0
D15_22,D15,22,1,0,0,0,0,1,1,1
D15_23,D15,23,0,1,3,0,0,0,1,1
D15_24,D15,24,1,0,0,0,0,6,1,1
D15_25,D15,25,1,0,0,0,0,1,2,1
D15_26,D15,26,1,0,0,0,0,1,2,1
D15_27,D15,27,1,0,0,0,0,1,2,1
D15_28,D15,28,1,0,0,0,0,1,2,1
D15_29,D15,29,0,0,0,0,0,1,2,1
D15_30,D15,30,-99,-99,0,0,0,0,0,0
D15_31,D15,31,1,0,0,0,0,6,1,1
D15_32,D15,32,1,0,0,0,0,6,1,1
D15_33,D15,33,1,0,0,0,0,7,1,1
D15_34,D15,34,1,0,0,1,0,7,1,1
D15_35,D15,35,1,0,0,0,0,1,2,1
D15_36,D15,36,1,0,0,0,0,1,2,1
D15_37,D15,37,1,0,0,1,0,5,2,1
D15_38,D15,38,0,1,5,0,0,0,0,0
D15_39,D15,39,-99,-99,0,0,0,0,0,0
D15_40,D15,40,0,1,0,1,0,0,0,0
D15_41,D15,41,0,1,5,0,0,0,0,0
D15_42,D15,42,0,1,3,0,0,0,0,0
D15_43,D15,43,1,0,0,0,0,1,1,1
D15_44,D15,44,1,0,0,0,0,0,0,1
D15_45,D15,45,0,0,0,0,0,2,2,1
D15_46,D15,46,-99,-99,0,0,0,7,1,0
D15_47,D15,47,1,0,0,0,0,7,1,1
D15_48,D15,48,0,0,0,1,0,7,2,1
D15_49,D15,49,1,0,0,0,1,7,2,1
D15_50,D15,50,1,0,0,0,1,7,2,1
D15_51,D15,51,1,0,0,0,1,7,2,1
D15_52,D15,52,1,0,0,0,0,7,2,1
D15_53,D15,53,0,0,0,0,0,0,0,1
D15_54,D15,54,0,0,0,0,0,0,0,1
D15_55,D15,55,1,0,5,0,0,1,1,1
D15_56,D15,56,1,0,0,0,0,7,2,1
D15_57,D15,57,1,0,0,0,0,7,2,1
D15_58,D15,58,1,0,0,0,0,7,2,1
D15_59,D15,59,0,0,0,0,0,0,0,1
D15_60,D15,60,0,0,2,0,0,0,0,1
D15_61,D15,61,0,0,2,1,0,2,1,0
D15_62,D15,62,1,0,5,0,0,1,0,0
D15_63,D15,63,1,0,0,0,0,1,2,1
D15_64,D15,64,1,1,5,0,0,0,0,1
D15_65,D15,65,1,1,5,0,0,0,0,1
D15_66,D15,66,1,0,0,0,0,1,2,1
D15_67,D15,67,-99,-99,3,0,0,0,0,1
D15_68,D15,68,0,0,2,1,0,7,1,1
D15_69,D15,69,0,0,0,0,0,0,0,0
D15_70,D15,70,1,0,0,0,0,1,1,1
D15_71,D15,71,0,0,0,0,0,0,0,1
D15_72,D15,72,0,0,0,1,0,7,1,1
D15_73,D15,73,0,0,0,1,0,3,1,1
D15_74a,D15,74,0,0,0,0,0,0,0,1
D15_74b,D15,75,0,0,0,1,0,0,0,1
D15_75,D15,76,0,0,2,1,0,3,1,1
D15_76,D15,77,0,0,0,0,0,5,2,1
D15_77,D15,78,0,0,2,0,0,2,1,1
D15_78,D15,79,0,0,8,1,0,4,1,1
D15_79,D15,80,0,0,0,1,0,7,1,1
D15_80,D15,81,0,0,0,0,0,2,2,1
D15_81,D15,82,0,0,0,1,0,0,0,1
D15_82,D15,83,0,0,0,1,0,7,1,1
D15_83,D15,84,1,0,0,0,0,7,1,1
D15_84,D15,85,0,0,0,1,0,7,1,1
D15_86,D15,86,1,0,8,0,0,0,0,1
D15_87,D15,87,0,0,2,1,0,0,0,1
D15_88,D15,88,1,0,0,0,0,6,2,1
D15_89,D15,89,1,0,0,0,0,1,0,1
D15_90,D15,90,0,0,0,0,0,3,1,1
D15_91,D15,91,0,0,1,1,0,0,0,1
D15_92,D15,92,0,0,0,1,0,4,1,1
D15_93,D15,93,0,0,0,1,1,4,2,1
D15_94,D15,94,1,0,0,0,0,4,2,1
D15_95,D15,95,0,0,0,1,0,7,1,1
D15_96,D15,96,0,0,0,0,0,0,0,1
D15_97,D15,97,0,0,0,0,0,0,0,1
D15_98,D15,98,0,0,0,1,0,7,1,1
D15_99,D15,99,0,0,0,1,0,0,0,1
D15_100,D15,100,0,1,0,1,0,0,0,0
D15_101,D15,101,1,0,0,0,1,4,2,1
D15_102,D15,102,0,0,0,1,1,4,2,1
D15_103,D15,103,0,0,0,1,1,4,2,1
D15_103btopbanner,D15,104,0,0,0,1,0,3,1,0
D15_104,D15,105,0,0,0,1,0,7,2,1
D15_105,D15,106,0,0,0,1,0,7,2,1
D15_106,D15,107,0,0,0,0,0,0,0,0
D15_107,D15,108,0,0,8,1,1,4,2,1
D15_108,D15,109,0,0,0,1,0,0,0,1
D15_109,D15,110,0,0,0,1,0,0,0,0
D15_110,D15,111,0,0,0,1,0,7,1,1
D15_111,D15,112,0,0,0,1,0,7,1,1
D15_112,D15,113,0,0,0,0,0,0,0,1
D15_113,D15,114,1,1,5,0,0,0,0,0
R1_1,R1,1,0,0,0,1,0,7,1,0
R1_2,R1,2,0,0,2,1,0,0,0,0
R1_3,R1,3,0,0,0,0,1,7,0,1
R1_4,R1,4,0,0,2,1,0,7,1,0
R1_5,R1,5,0,0,2,0,0,3,1,0
R1_6,R1,6,1,0,0,0,0,6,1,1
R1_7,R1,7,0,0,0,0,0,3,2,0
R1_8,R1,8,0,0,0,1,0,7,2,1
R1_9,R1,9,1,0,0,0,0,6,1,0
R1_10,R1,10,0,0,0,1,0,7,1,0
R1_11,R1,11,-99,-99,0,0,0,0,0,0
R1_12,R1,12,0,0,0,1,0,0,0,0
R1_13,R1,13,0,0,0,0,0,0,0,1
R1_14,R1,14,1,0,8,1,1,4,2,1
R1_15,R1,15,0,0,0,1,1,4,2,1
R1_16,R1,16,0,0,2,0,0,0,0,1
R1_17,R1,17,0,0,0,1,0,7,1,1
R1_18,R1,18,0,0,0,1,0,0,0,1
R1_19,R1,19,0,0,8,1,0,4,2,1
R1_20,R1,20,0,0,0,1,0,7,1,1
R1_21,R1,21,0,0,0,1,0,7,2,1
R1_22,R1,22,0,0,0,0,0,2,1,0
R1_23,R1,23,0,1,5,0,0,0,0,0
R1_24,R1,24,0,0,0,0,1,7,0,0
R1_25,R1,25,1,0,0,0,0,6,2,1
R1_26,R1,26,0,0,0,0,0,0,0,1
R1_27,R1,27,0,0,0,0,0,0,0,1
R1_28,R1,28,-99,-99,0,0,0,0,0,0
R1_29,R1,29,-99,-99,0,0,0,0,0,1
R1_30,R1,30,0,1,1,1,0,7,1,1
R1_31,R1,31,1,0,0,1,0,8,1,1
R1_32,R1,32,0,0,0,1,0,7,1,1
R1_33,R1,33,0,0,2,1,0,0,0,1
R1_34,R1,34,1,0,0,0,0,7,1,1
R1_35,R1,35,1,0,0,1,0,7,1,1
R1_36,R1,36,1,0,0,0,0,6,1,0
R1_37,R1,37,1,0,0,0,0,6,1,1
R1_38,R1,38,0,1,5,0,0,0,0,0
R1_39,R1,39,0,0,5,0,0,0,0,1
R1_40,R1,40,1,0,0,1,0,7,1,0
R1_41,R1,41,1,0,0,0,0,7,1,1
R1_42,R1,42,0,0,0,1,0,0,0,0
R1_43,R1,43,-99,-99,3,0,0,0,0,0
R2_1,R2,1,0,0,0,1,1,4,1,0
R2_2,R2,2,1,0,0,1,0,0,0,0
R2_3,R2,3,1,0,0,0,0,6,2,1
R2_4,R2,4,-99,-99,1,0,0,0,0,0
R2_5,R2,5,0,0,2,1,0,3,1,0
R2_6,R2,6,1,0,0,0,1,7,2,1
R2_7,R2,7,1,0,0,1,0,0,0,1
R2_8,R2,8,0,0,2,0,0,3,2,0
R2_9,R2,9,0,0,2,1,0,2,2,1
R2_10,R2,10,0,0,2,1,0,0,0,0
R2_11,R2,11,1,0,0,1,0,7,1,1
R2_12,R2,12,0,0,2,1,0,3,2,1
R2_13,R2,13,-99,-99,7,0,0,0,0,0
R2_14,R2,14,0,0,8,1,1,4,2,0
R2_15,R2,15,0,0,0,1,1,4,2,1
R2_16,R2,16,0,0,2,1,0,7,1,0
R2_17,R2,17,-99,-99,5,0,0,0,0,0
R2_18,R2,18,0,0,0,1,0,7,1,0
R2_18b,R2,19,0,0,1,0,0,7,1,0
R2_19,R2,20,1,0,0,0,0,7,2,1
R2_20,R2,21,1,0,0,0,0,7,2,1
R2_21,R2,22,-99,-99,0,0,0,0,0,0
R2_22,R2,23,1,0,7,0,0,7,1,0
R2_23,R2,24,0,0,7,1,0,7,1,1
R2_24,R2,25,1,0,8,0,1,4,2,0
R2_25,R2,26,0,0,0,1,0,7,1,1
R2_26,R2,27,0,0,0,1,1,7,1,1
R2_27,R2,28,0,0,0,1,0,7,2,1
R2_28,R2,29,0,0,0,1,0,7,1,1
R2_29,R2,30,0,0,2,1,0,3,2,1
R2_30,R2,31,0,0,0,0,0,0,0,1
R2_31,R2,32,0,0,8,1,1,4,2,1
R2_32,R2,33,-99,-99,0,0,0,0,0,1
R2_33,R2,34,0,0,2,1,0,0,0,1
R2_34,R2,35,-99,-99,3,0,0,0,0,0
R3_1,R3,1,1,0,0,0,0,7,1,0
R3_2,R3,2,1,0,0,0,0,7,1,0
R3_3,R3,3,1,0,0,0,0,0,1,0
R3_4,R3,4,1,0,0,0,0,7,1,1
R3_5,R3,5,-99,-99,0,0,0,0,0,0
R3_6,R3,6,1,0,0,0,1,7,1,1
R3_7,R3,7,1,0,0,1,0,0,0,0
R3_8,R3,8,1,0,0,0,0,0,1,0
R3_9,R3,9,1,0,0,1,0,7,1,1
R3_10,R3,10,1,0,0,0,0,1,1,0
R3_11,R3,11,1,0,0,0,1,7,1,0
R3_12,R3,12,-99,-99,0,0,0,0,0,0
R3_13,R3,13,-99,-99,0,0,0,0,0,1
R3_14,R3,14,1,0,0,0,0,1,1,1
R3_15,R3,15,0,1,6,1,0,0,0,0
R3_16,R3,16,0,0,0,1,0,0,0,0
R3_17,R3,17,0,0,2,0,0,3,1,0
R3_18,R3,18,-99,-99,0,0,0,0,0,0
R3_19,R3,19,0,0,2,1,0,0,0,0
R3_20,R3,20,0,0,2,1,0,3,1,1
R3_21,R3,21,0,0,2,1,0,0,0,0
R3_22,R3,22,1,0,0,1,0,8,1,1
R3_23,R3,23,1,0,0,0,0,6,1,0
R3_24,R3,24,1,0,0,0,0,6,1,0
R3_25,R3,25,0,0,3,0,0,0,0,0
R3_26,R3,26,1,1,5,0,0,0,0,0
R3_27,R3,27,1,1,5,0,0,0,0,1
R3_28,R3,28,0,1,5,0,0,0,0,0
R3_29,R3,29,0,0,0,1,0,7,1,0
R3_30,R3,30,0,1,1,0,0,7,1,0
R3_31,R3,31,1,0,0,0,0,7,1,1
R3_32,R3,32,1,0,0,1,1,7,1,1
R3_33,R3,33,-99,-99,3,0,0,0,0,0
R4_1,R4,1,1,0,0,0,0,0,0,0
R4_1b,R4,2,-99,-99,1,0,0,0,0,0
R4_2,R4,3,1,0,0,0,0,0,0,1
R4_3,R4,4,0,1,2,0,0,0,0,0
R4_4,R4,5,1,0,0,0,0,6,2,1
R4_5,R4,6,1,0,0,0,0,0,0,1
R4_6,R4,7,0,0,0,1,0,7,2,1
R4_7a,R4,8,1,0,0,1,0,7,1,1
R4_7b,R4,9,1,0,0,0,0,0,0,1
R4_7c,R4,10,1,0,0,0,0,0,0,1
R4_7d,R4,11,1,0,0,0,0,0,0,1
R4_8,R4,12,0,1,1,0,0,0,0,0
R4_9,R4,13,0,0,2,1,0,7,1,0
R4_10,R4,14,1,0,7,0,0,7,2,0
R4_11,R4,15,0,1,5,0,0,0,0,0
R4_12,R4,16,0,0,5,0,0,0,0,0
R4_13,R4,17,1,0,0,0,0,6,1,1
R4_14,R4,18,0,0,0,1,0,7,1,0
R4_15,R4,19,1,0,0,0,0,6,2,1
R4_16,R4,20,0,0,0,1,0,7,1,0
R4_17,R4,21,0,0,0,0,0,2,1,0
R4_18,R4,22,-99,-99,0,0,1,0,0,0
R4_18b,R4,23,-99,-99,7,0,0,7,1,1
R4_19,R4,24,0,0,0,0,0,3,2,0
R4_20,R4,25,0,0,0,1,0,7,2,0
R4_21,R4,26,0,0,2,1,0,7,2,0
R4_22,R4,27,0,0,0,0,0,0,0,0
R4_23,R4,28,0,0,0,0,0,0,0,0
R4_24,R4,29,0,0,0,1,0,0,0,0
R4_25,R4,30,0,0,0,1,0,0,0,0
R4_26,R4,31,0,0,0,0,1,5,1,0
R4_27,R4,32,0,0,0,1,0,7,1,0
R4_27b,R4,33,0,0,1,0,0,7,1,0
R4_28,R4,34,1,1,0,0,0,7,2,1
R4_29,R4,35,1,0,0,1,1,4,2,1
R4_30,R4,36,1,0,0,1,0,7,2,1
R4_31,R4,37,0,0,0,0,0,0,0,1
R4_32,R4,38,-99,-99,3,0,0,0,0,0
R5_1,R5,1,1,0,0,0,1,4,2,0
R5_2,R5,2,-99,-99,0,0,0,0,0,0
R5_3,R5,3,1,0,0,0,0,0,0,0
R5_4,R5,4,1,0,0,0,0,6,2,0
R5_5,R5,5,1,0,0,1,0,0,0,0
R5_6,R5,6,1,0,0,1,0,0,0,0
R5_7,R5,7,1,0,0,0,0,0,0,1
R5_8,R5,8,1,0,0,1,0,0,1,1
R5_9,R5,9,1,0,0,0,0,0,0,0
R5_10,R5,10,-99,-99,7,0,0,0,0,0
R5_11,R5,11,1,0,0,0,0,0,0,0
R5_12,R5,12,1,1,5,0,0,1,0,1
R5_13,R5,13,1,0,0,0,0,0,0,0
R5_14,R5,14,-99,-99,0,0,0,0,0,0
R5_15,R5,15,-99,-99,0,0,0,0,0,0
R5_16,R5,16,1,0,0,0,0,1,1,1
R5_17,R5,17,0,0,8,1,0,4,2,1
R5_18,R5,18,0,0,0,0,1,5,2,0
R5_19,R5,19,0,0,0,1,1,4,2,0
R5_20,R5,20,0,0,0,0,0,0,0,1
R5_21,R5,21,1,0,0,0,1,4,2,1
R5_22,R5,22,0,0,0,0,1,5,2,1
R5_23,R5,23,0,0,0,1,0,0,0,0
R5_24,R5,24,0,0,2,1,0,0,0,0
R5_25,R5,25,0,0,0,0,0,2,1,1
R5_26,R5,26,1,0,0,0,0,6,2,0
R5_27,R5,27,1,0,0,1,0,6,1,1
R5_28,R5,28,0,1,6,0,0,0,0,0
R5_29,R5,29,-99,-99,0,0,0,0,0,1
R5_30,R5,30,0,0,0,1,0,7,1,0
R5_31,R5,31,0,0,0,0,0,2,1,0
R5_32,R5,32,0,0,5,0,0,2,2,0
R5_33,R5,33,0,0,0,1,0,7,1,0
R5_34,R5,34,0,0,0,1,0,7,1,0
R5_35,R5,35,0,1,1,0,0,7,1,0
R5_36,R5,36,1,0,0,0,0,7,1,1
R5_37,R5,37,1,0,0,0,0,7,2,1
R5_38,R5,38,0,0,0,1,0,7,2,1
R5_39,R5,39,1,0,0,0,0,7,2,1
R5_40,R5,40,1,0,0,0,0,7,2,1
R5_41,R5,41,-99,-99,0,0,0,7,1,0
R5_42,R5,42,-99,-99,0,0,0,0,0,0
R5_43,R5,43,1,0,0,0,1,7,1,0
R5_44,R5,44,-99,-99,3,0,0,0,0,0
R6_1,R6,1,-99,-99,0,0,0,0,0,0
R6_2,R6,2,0,0,0,1,0,7,2,0
R6_3,R6,3,0,0,0,1,0,7,2,1
R6_4,R6,4,0,0,0,1,0,7,1,0
R6_5,R6,5,1,1,0,1,0,7,2,0
R6_6,R6,6,0,0,0,1,0,0,0,0
R6_7,R6,7,-99,-99,0,0,0,4,1,1
R6_8,R6,8,0,0,0,1,0,7,2,1
R6_9,R6,9,1,1,7,0,0,7,2,1
R6_10,R6,10,1,0,0,0,0,0,0,1
R6_11,R6,11,1,1,0,0,0,0,0,1
R6_12,R6,12,1,0,0,0,0,0,0,1
R6_13,R6,13,1,0,0,0,1,7,2,1
R6_14,R6,14,1,0,0,1,0,7,2,1
R6_15,R6,15,1,0,0,1,1,7,2,1
R6_16,R6,16,-99,-99,0,0,0,0,0,0
R6_17,R6,17,1,1,0,0,0,0,0,0
R6_18,R6,18,1,1,0,0,0,7,1,1
R6_19,R6,19,1,0,0,0,0,6,2,1
R6_20,R6,20,1,0,0,0,0,6,1,1
R6_21,R6,21,0,1,1,0,0,0,0,0
R6_22,R6,22,1,0,0,0,0,6,2,1
R6_22b,R6,23,-99,-99,0,0,0,7,1,1
R6_23,R6,24,-99,-99,0,0,0,0,0,1
R6_24,R6,25,0,0,0,1,0,0,0,1
R6_25,R6,26,0,0,0,1,0,7,1,0
R6_25b,R6,27,0,0,1,0,0,7,1,0
R6_26,R6,28,0,0,0,0,0,0,0,1
R6_27,R6,29,1,0,0,0,1,7,2,1
R6_28,R6,30,0,0,0,1,0,7,2,1
R6_29,R6,31,0,0,2,1,0,0,0,0
R6_30,R6,32,0,0,5,1,0,2,1,1
R6_31,R6,33,0,0,0,1,0,7,2,0
R6_32,R6,34,0,0,2,1,0,0,0,0
R6_33,R6,35,0,0,0,0,0,0,0,1
R6_34,R6,36,0,0,0,0,0,0,0,1
R6_35,R6,37,-99,-99,0,0,0,0,0,0
R6_36,R6,38,0,0,2,1,0,7,2,0
R6_37,R6,39,0,0,0,1,0,7,2,1
R6_38,R6,40,-99,-99,3,0,0,0,0,0
R6_39,R6,41,0,1,0,0,0,2,1,1
R6_40,R6,42,0,0,0,1,0,0,0,0
R6_41,R6,43,0,0,0,0,1,7,2,1
R6_42,R6,44,0,0,0,1,0,7,2,1
R6_43,R6,45,0,1,0,0,0,7,2,1
R6_44,R6,46,-99,-99,3,0,0,0,0,0
R7_1,R7,1,0,1,2,0,0,0,0,0
R7_2,R7,2,0,0,0,0,0,0,0,0
R7_3,R7,3,0,1,0,1,0,0,0,0
R7_4,R7,4,0,0,2,0,0,0,0,0
R7_5,R7,5,0,0,5,1,0,2,1,0
R7_6,R7,6,0,0,5,0,0,0,0,0
R7_7,R7,7,0,0,0,1,0,7,1,1
R7_7b,R7,8,0,0,0,1,0,7,1,0
R7_8,R7,9,1,0,0,0,0,6,1,1
R7_9,R7,10,0,0,0,1,0,0,0,1
R7_10,R7,11,1,0,0,0,1,4,2,1
R7_11,R7,12,1,0,0,1,0,6,2,1
R7_12,R7,13,0,0,2,0,0,0,0,0
R7_13,R7,14,1,0,0,0,0,6,2,1
R7_14,R7,15,1,0,0,0,0,6,2,1
R7_15,R7,16,-99,-99,3,0,0,0,0,0
R7_16,R7,17,-99,-99,3,0,0,0,0,0
R7_17,R7,18,0,0,5,1,0,2,1,0
R7_18,R7,19,0,0,0,1,0,2,1,1
R7_19,R7,20,0,0,0,1,0,2,1,0
R7_20,R7,21,0,0,0,0,0,0,0,1
R7_21,R7,22,0,1,5,0,0,0,0,0
R7_22,R7,23,1,0,0,1,0,1,1,1
R7_23a,R7,24,1,0,0,0,0,6,1,0
R7_23b,R7,25,1,0,0,0,0,6,1,0
R7_23c,R7,26,1,0,0,0,0,6,1,0
R7_23d,R7,27,1,0,0,0,0,6,1,0
R7_23e,R7,28,1,0,0,0,0,6,1,0
R7_24,R7,29,0,0,0,0,0,0,0,0
R7_25,R7,30,0,0,0,0,0,2,1,1
R7_26,R7,31,0,0,0,1,0,7,2,1
R7_27,R7,32,-99,-99,1,0,0,0,0,0
R7_28,R7,33,0,1,0,1,0,0,0,0
R7_29,R7,34,0,0,0,0,1,4,1,1
R7_30,R7,35,0,0,8,1,0,4,2,1
R7_31,R7,36,0,0,0,0,0,2,1,1
R7_32,R7,37,-99,-99,3,0,0,0,0,0
R7_33,R7,38,0,0,0,1,0,7,1,0
R7_33b,R7,39,0,0,1,0,0,7,1,0
R7_34,R7,40,1,0,5,0,0,7,2,1
R7_35,R7,41,0,0,0,0,0,0,0,1
R7_36,R7,42,0,0,0,0,0,0,0,1
R7_37,R7,43,0,0,2,1,0,0,0,0
R7_38,R7,44,0,0,0,1,0,7,2,0
R8_1,R8,1,0,0,2,0,0,2,1,0
R8_2,R8,2,0,0,5,0,0,0,0,0
R8_3,R8,3,-99,-99,0,0,0,0,0,0
R8_4,R8,4,0,0,0,1,0,0,0,0
R8_5,R8,5,-99,-99,0,0,0,0,0,0
R8_6,R8,6,0,0,0,1,0,7,1,0
R8_7,R8,7,0,0,0,1,0,0,0,0
R8_8,R8,8,1,0,0,1,0,7,1,0
R8_9,R8,9,0,0,0,1,0,0,0,1
R8_10,R8,10,0,0,0,1,0,7,1,0
R8_11,R8,11,0,0,5,0,0,0,0,0
R8_12,R8,12,1,0,0,0,0,6,1,1
R8_13,R8,13,0,0,3,1,0,0,0,0
R8_14,R8,14,0,0,2,0,0,0,0,0
R8_15,R8,15,1,0,0,0,0,6,1,1
R8_16,R8,16,1,0,5,0,0,1,2,1
R8_17,R8,17,1,0,0,0,0,1,2,1
R8_18,R8,18,-99,-99,0,0,0,0,0,0
R8_19,R8,19,1,0,0,0,0,0,0,1
R8_20,R8,20,-99,-99,0,0,0,0,0,1
R8_21,R8,21,-99,-99,0,0,0,0,0,1
R8_22,R8,22,-99,-99,0,0,0,0,0,0
R8_23,R8,23,-99,-99,0,0,0,6,1,1
R8_24,R8,24,-99,-99,0,0,0,0,0,1
R8_25,R8,25,0,1,6,0,0,0,0,0
R8_26,R8,26,0,1,6,1,0,0,0,0
R8_27,R8,27,0,0,0,1,0,0,0,1
R8_28,R8,28,1,0,0,1,0,1,2,1
R8_29,R8,29,1,0,0,1,0,5,2,1
R8_30,R8,30,1,0,0,0,0,6,1,1
R8_31,R8,31,0,0,2,1,0,7,1,0
R8_31b,R8,32,0,1,1,0,0,7,1,0
R8_32,R8,33,1,0,0,0,0,7,1,1
R8_33,R8,34,1,0,0,0,0,7,2,1
R8_34,R8,35,0,0,0,1,0,0,0,0
R8_35,R8,36,-99,-99,0,0,0,0,0,0
R8_36,R8,37,-99,-99,0,0,0,0,0,0
R8_37,R8,38,-99,-99,0,0,0,0,0,0
R8_38,R8,39,-99,-99,0,0,0,0,0,0
R8_39,R8,40,0,0,0,0,0,0,0,0
R8_40,R8,41,0,0,2,0,0,0,0,1
R8_41,R8,42,1,0,3,1,0,7,2,1
R8_42,R8,43,-99,-99,0,0,0,0,0,0
R8_43,R8,44,1,0,0,0,0,0,0,1
R8_44,R8,45,1,0,0,0,0,6,2,1
R8_45,R8,46,0,0,0,0,0,0,0,1
R8_46,R8,47,-99,-99,0,1,0,0,0,1
R8_47,R8,48,0,0,2,1,0,0,0,1
R8_48,R8,49,0,0,5,0,0,0,0,0
R8_49,R8,50,1,0,0,0,0,6,1,1
R8_50,R8,51,1,0,0,0,0,6,2,1
R8_51,R8,52,1,0,0,0,0,6,1,1
R8_52,R8,53,1,0,0,0,0,6,1,1
R8_53,R8,54,1,0,0,0,0,6,1,1
R8_54,R8,55,-99,-99,0,0,0,0,0,0
R8_55,R8,56,1,0,0,1,0,8,1,0
R9_1,R9,1,1,1,5,0,0,0,0,0
R9_2,R9,2,-99,-99,0,0,0,0,0,0
R9_3,R9,3,-99,-99,0,0,0,0,0,0
R9_4,R9,4,1,0,0,0,0,0,0,0
R9_5,R9,5,0,0,0,1,0,0,0,1
R9_6,R9,6,0,0,2,0,0,0,0,1
R9_7,R9,7,0,0,0,1,0,7,2,1
R9_8,R9,8,1,0,5,0,0,0,0,0
R9_9,R9,9,1,0,5,0,0,7,2,1
R9_10,R9,10,1,0,5,0,0,7,2,1
R9_11,R9,11,1,0,5,0,0,1,2,1
R9_12,R9,12,1,0,5,0,0,2,1,0
R9_13,R9,13,0,0,6,1,0,0,0,0
R9_14,R9,14,0,0,0,0,1,5,2,1
R9_15,R9,15,0,0,0,1,0,5,2,1
R9_16,R9,16,1,0,0,1,1,7,1,1
R9_17,R9,17,-99,-99,0,0,0,0,0,1
R9_18,R9,18,0,0,0,1,0,0,0,1
R9_19,R9,19,0,0,0,0,0,2,2,1
R9_20a,R9,20,1,0,0,0,0,6,1,0
R9_20b,R9,21,1,0,0,0,0,6,1,0
R9_20c,R9,22,1,0,0,0,0,6,1,0
R9_20d,R9,23,1,0,0,0,0,6,1,0
R9_20e,R9,24,1,0,0,0,0,6,1,0
R9_21,R9,25,1,0,0,0,0,6,2,1
R9_22,R9,26,-99,-99,0,0,0,0,0,1
R9_23,R9,27,1,0,0,1,0,6,2,1
R9_24,R9,28,0,0,0,1,0,0,0,1
R9_25,R9,29,1,0,0,0,0,8,2,1
R9_26,R9,30,0,0,2,1,0,3,2,1
R9_27,R9,31,1,0,0,0,0,1,1,0
R9_28,R9,32,-99,-99,5,0,0,1,1,0
R9_29,R9,33,1,0,0,0,0,1,1,1
R9_30,R9,34,1,0,0,1,1,1,1,1
R9_31,R9,35,1,0,0,1,1,1,1,1
R9_32,R9,36,0,0,2,1,0,7,2,0
R9_32b,R9,37,0,1,1,0,0,7,1,0
R9_33,R9,38,0,0,0,1,0,7,1,1
R9_34,R9,39,1,1,0,0,0,7,1,1
R9_35,R9,40,0,0,0,1,0,7,1,0
R9_35b,R9,41,1,0,7,1,0,7,1,1
R9_36,R9,42,-99,-99,0,0,0,0,0,0
R9_37a,R9,43,1,0,0,0,0,7,1,0
R9_37b,R9,44,1,0,0,0,0,7,2,0
R9_37c,R9,45,1,0,0,0,0,7,2,0
R9_38,R9,46,1,0,0,1,0,0,0,1
R9_39,R9,47,-99,-99,0,0,0,0,0,1
R9_40,R9,48,1,0,0,0,1,7,1,1
R9_41,R9,49,1,0,5,0,0,7,2,0
R9_42,R9,50,1,0,5,0,0,1,2,1
R9_43,R9,51,1,0,0,0,0,6,2,1
R9_44a,R9,52,1,0,0,0,0,7,1,0
R9_44b,R9,53,-99,-99,0,0,0,0,0,1
R9_44c,R9,54,-99,-99,0,0,0,0,0,1
R9_44d,R9,55,-99,-99,0,0,0,0,0,1
R9_44e,R9,56,-99,-99,0,0,0,0,0,1
R9_44f,R9,57,0,0,0,0,0,0,0,1
R9_45,R9,58,1,0,0,0,0,1,2,0
R9_46,R9,59,1,0,0,0,0,0,0,0
R9_47,R9,60,-99,-99,0,0,0,0,0,0
R9_48,R9,61,1,0,0,0,0,0,0,0
R9_49,R9,62,-99,-99,0,0,0,7,1,0
R10_1,R10,1,1,0,0,1,0,7,1,0
R10_2,R10,2,1,0,0,0,0,0,0,0
R10_3,R10,3,0,0,0,1,0,0,0,0
R10_4,R10,4,1,0,8,0,1,4,1,0
R10_5,R10,5,0,0,0,1,0,7,1,1
R10_6,R10,6,0,0,0,1,0,3,2,1
R10_7,R10,7,1,0,0,1,0,7,1,1
R10_8,R10,8,1,0,0,0,0,0,0,0
R10_9,R10,9,0,0,6,1,0,0,0,0
R10_10,R10,10,1,0,0,0,0,7,2,1
R10_11,R10,11,1,0,0,1,0,7,1,1
R10_12,R10,12,1,0,0,1,0,8,1,1
R10_13,R10,13,1,0,0,1,0,6,2,1
R10_14,R10,14,0,0,0,0,1,4,2,1
R10_15,R10,15,0,0,2,1,0,7,1,0
R10_16,R10,16,-99,-99,0,0,0,0,0,0
R10_17,R10,17,1,0,0,0,0,6,1,1
R10_18,R10,18,0,0,0,1,0,0,0,1
R10_19,R10,19,1,0,0,0,0,6,1,0
R10_20,R10,20,1,0,5,0,0,1,1,0
R10_21,R10,21,1,1,5,0,0,4,1,1
R10_22,R10,22,1,0,5,0,0,6,1,1
R10_23,R10,23,1,0,0,0,0,6,1,1
R10_24,R10,24,1,0,0,0,0,6,1,1
R10_25,R10,25,-99,-99,3,0,0,0,0,0
R10_26,R10,26,0,0,0,1,0,7,0,0
R10_27,R10,27,0,0,2,1,0,3,1,1
R10_28,R10,28,0,0,0,1,0,7,1,1
R10_29,R10,29,-99,-99,3,0,0,0,0,0
R10_30,R10,30,0,0,2,1,0,7,1,0
R10_31,R10,31,0,1,1,0,0,7,1,0
R10_32,R10,32,1,0,0,1,0,7,2,1
R10_33,R10,33,1,0,0,0,1,7,2,1
R10_34,R10,34,-99,-99,3,0,0,0,0,0
R10_35,R10,35,0,0,0,1,0,7,1,0
R10_36,R10,36,0,0,2,1,0,3,1,1
R10_37,R10,37,0,0,0,1,0,0,0,1
R10_38,R10,38,0,0,8,1,1,4,2,1
R10_39,R10,39,0,0,2,1,0,2,1,1
R10_40,R10,40,1,1,1,0,0,6,1,0
R10_41,R10,41,1,0,0,0,0,6,2,1
R10_42,R10,42,0,1,0,0,0,2,1,0
R10_43,R10,43,1,1,7,0,0,6,1,0
R10_44,R10,44,-99,-99,0,0,0,0,0,0
R10_45,R10,45,0,0,2,1,0,7,1,0
R11_1,R11,1,-99,-99,0,0,0,0,0,0
R11_2,R11,2,-99,-99,3,0,0,0,0,0
R11_3,R11,3,1,0,0,0,0,0,0,0
R11_4,R11,4,0,0,0,1,0,0,0,0
R11_5,R11,5,0,0,0,1,0,0,0,0
R11_6,R11,6,0,0,0,0,0,0,0,1
R11_7,R11,7,0,0,0,0,0,0,0,1
R11_8,R11,8,0,0,0,1,0,7,0,0
R11_9,R11,9,0,0,0,1,0,7,0,0
R11_10,R11,10,1,0,0,1,0,6,1,1
R11_11,R11,11,1,0,0,0,0,6,1,1
R11_12,R11,12,0,1,5,0,0,0,0,1
R11_13,R11,13,-99,-99,3,0,0,0,0,0
R11_14,R11,14,-99,-99,3,0,0,0,0,0
R11_15,R11,15,1,0,0,0,0,6,1,1
R11_16,R11,16,1,0,0,0,0,6,1,1
R11_17,R11,17,0,0,5,1,0,2,0,1
R11_18,R11,18,1,0,0,0,0,1,0,0
R11_19,R11,19,1,0,5,0,0,1,0,0
R11_20,R11,20,1,0,0,0,0,6,0,1
R11_21,R11,21,1,0,0,1,0,7,0,1
R11_22,R11,22,1,0,0,0,0,6,0,1
R11_23,R11,23,1,0,0,0,0,1,0,0
R11_24,R11,24,1,0,0,0,0,6,1,1
R11_25,R11,25,1,1,0,1,0,7,0,1
R11_26,R11,26,1,1,0,0,0,7,0,1
R11_27,R11,27,1,0,8,0,0,5,1,1
R11_28,R11,28,1,1,0,0,0,0,0,1
R11_29,R11,29,1,0,0,0,0,0,0,1
R11_30,R11,30,1,0,5,0,0,7,0,1
R11_31,R11,31,0,0,2,1,0,7,0,0
R11_32,R11,32,-99,-99,1,0,0,7,0,0
R11_33,R11,33,0,0,0,1,0,7,0,1
R11_34,R11,34,1,0,0,0,0,7,1,1
R11_35,R11,35,0,0,2,0,0,7,0,1
R11_36,R11,36,0,0,0,0,0,7,0,1
R11_37,R11,37,1,1,0,0,0,0,0,0
R11_38,R11,38,1,0,0,0,0,6,0,1
R11_39,R11,39,1,1,0,0,0,1,1,1
R11_40,R11,40,0,0,0,0,0,0,0,1
R11_41,R11,41,1,1,0,0,0,0,0,0
R11_42,R11,42,0,0,0,1,0,0,0,0
R11_43,R11,43,0,0,0,1,1,4,0,1
R11_44,R11,44,1,1,0,1,0,0,0,1
R11_45,R11,45,0,0,2,1,0,7,1,0
R11_46,R11,46,1,0,0,0,0,6,0,0
R12_1,R12,1,1,1,0,0,0,7,1,0
R12_2,R12,2,0,1,0,0,0,0,0,0
R12_3,R12,3,0,0,0,1,0,0,0,0
R12_4,R12,4,0,1,5,0,0,0,0,0
R12_5,R12,5,0,1,0,0,0,0,0,0
R12_6,R12,6,-99,-99,0,0,0,0,0,0
R12_7,R12,7,0,1,0,0,0,0,0,0
R12_8,R12,8,0,0,0,0,0,0,0,0
R12_9,R12,9,0,0,0,1,0,7,0,0
R12_10,R12,10,0,1,0,0,0,5,1,1
R12_11,R12,11,0,1,0,0,0,0,0,0
R12_12,R12,12,0,0,0,1,0,7,0,0
R12_13,R12,13,0,0,0,1,0,7,1,1
R12_14,R12,14,0,0,0,0,0,7,1,1
R12_15,R12,15,1,1,0,0,0,5,1,1
R12_16,R12,16,0,0,0,1,0,7,0,1
R12_17,R12,17,1,0,0,0,0,0,0,0
R12_18,R12,18,0,0,2,1,0,7,1,1
R12_19,R12,19,0,0,0,0,1,5,1,1
R12_20,R12,20,0,0,0,1,0,7,0,0
R12_21,R12,21,0,1,5,0,0,2,1,1
R12_22,R12,22,1,0,0,0,0,5,1,1
R12_23,R12,23,0,0,0,0,1,4,1,1
R12_24,R12,24,1,0,0,0,0,6,1,1
R12_25,R12,25,1,0,0,0,0,6,0,1
R12_26,R12,26,1,1,0,0,0,7,0,0
R12_27,R12,27,0,0,0,0,0,7,1,1
R12_28,R12,28,0,0,0,1,0,7,1,1
R12_29,R12,29,-99,-99,0,0,0,0,0,1
R12_30,R12,30,0,1,5,0,0,0,0,0
R12_31,R12,31,0,1,5,0,0,2,1,1
R12_32,R12,32,-99,-99,0,0,0,0,0,0
R12_33,R12,33,0,0,2,1,0,7,1,0
R12_34,R12,34,-99,-99,1,0,0,7,0,1
R12_35,R12,35,-99,-99,3,0,0,0,0,1
R12_36,R12,36,-99,-99,0,0,0,0,0,0
R12_37,R12,37,-99,1,0,0,0,0,0,0
R12_38,R12,38,-99,-99,0,0,1,0,0,0
R12_39,R12,39,-99,-99,0,0,0,0,0,0
R12_40,R12,40,-99,-99,0,0,0,0,0,0
R12_41,R12,41,1,0,0,0,1,7,0,0
R12_42,R12,42,1,1,0,1,0,7,0,1
R12_43,R12,43,0,0,0,1,0,0,0,0
R13_1,R13,1,1,0,0,0,0,7,1,0
R13_2,R13,2,-99,-99,0,0,0,0,0,0
R13_3,R13,3,-99,-99,7,0,0,0,0,0
R13_4,R13,4,0,1,0,1,0,0,0,0
R13_5,R13,5,0,0,0,0,0,0,0,0
R13_6,R13,6,0,1,5,0,0,0,0,0
R13_7,R13,7,0,1,0,1,0,7,0,1
R13_8,R13,8,-99,-99,0,0,0,0,0,0
R13_9,R13,9,1,0,0,0,0,7,0,0
R13_10,R13,10,-99,-99,7,0,0,0,0,0
R13_11,R13,11,0,0,5,1,0,2,0,0
R13_12,R13,12,0,1,0,0,0,5,0,1
R13_13,R13,13,0,1,0,1,0,0,0,0
R13_14,R13,14,1,0,0,1,0,7,0,1
R13_15,R13,15,0,0,0,0,0,2,0,1
R13_16,R13,16,1,0,0,0,0,6,0,1
R13_17,R13,17,0,0,0,0,0,3,1,1
R13_18,R13,18,0,0,0,1,0,0,0,0
R13_19,R13,19,0,0,0,1,0,0,0,0
R13_20,R13,20,0,0,2,1,0,0,0,0
R13_21,R13,21,-99,-99,0,0,1,0,0,0
R13_22,R13,22,0,0,0,1,0,7,0,0
R13_23,R13,23,0,0,0,0,0,7,1,1
R13_24,R13,24,0,0,0,0,0,4,0,0
R13_25,R13,25,1,0,0,0,0,6,0,1
R13_26,R13,26,-99,-99,0,0,0,0,0,0
R13_27,R13,27,1,0,0,1,0,6,0,0
R13_28,R13,28,1,0,0,0,0,0,0,1
R13_29,R13,29,1,0,0,0,0,0,0,1
R13_30,R13,30,0,0,2,1,0,7,0,0
R13_31,R13,31,-99,-99,1,0,0,7,0,1
R13_32,R13,32,0,0,0,1,0,7,1,1
R13_33,R13,33,0,1,0,0,0,7,0,1
R13_34,R13,34,1,0,0,0,0,7,1,1
R13_35,R13,35,1,1,5,0,0,7,0,1
R13_36,R13,36,0,1,0,1,0,0,0,1
R13_37,R13,37,0,1,0,0,0,0,0,0
R13_38,R13,38,1,0,0,0,0,7,0,0